date,C19: 5-9,C199-201,C199-205,C20: 1-5,C20: 5-9,C209-211,C209-215,C21: 1-5,C21: 5-9,C219-221,C219-225,C22: 1-5,C22: 5-9,C229-231,C229-235,C23: 1-5,C23: 5-9,C239-241,C239-245,C24: 1-5,C24: 5-9,C249-251,C249-255,C25: 1-5,C25: 5-9,C259-261,C259-265,C26: 1-5,C26: 5-9,C269-271
2018-09-17,-76.0,,,,,,,,,,,,,,,,,,,,,,,,,,,,,
2018-09-18,-82.0,,,,,,,,,,,,,,,,,,,,,,,,,,,,,
2018-09-19,-79.0,,,,,,,,,,,,,,,,,,,,,,,,,,,,,
2018-09-20,-77.0,,,,,,,,,,,,,,,,,,,,,,,,,,,,,
2018-09-21,-80.0,,,,,,,,,,,,,,,,,,,,,,,,,,,,,
2018-09-25,-78.0,,,,,,,,,,,,,,,,,,,,,,,,,,,,,
2018-09-26,-71.0,,,,,,,,,,,,,,,,,,,,,,,,,,,,,
2018-09-27,-73.0,,,,,,,,,,,,,,,,,,,,,,,,,,,,,
2018-09-28,-75.0,,,,,,,,,,,,,,,,,,,,,,,,,,,,,
2018-10-08,-76.0,,,,,,,,,,,,,,,,,,,,,,,,,,,,,
2018-10-09,-74.0,,,,,,,,,,,,,,,,,,,,,,,,,,,,,
2018-10-10,-77.0,,,,,,,,,,,,,,,,,,,,,,,,,,,,,
2018-10-11,-77.0,,,,,,,,,,,,,,,,,,,,,,,,,,,,,
2018-10-12,-78.0,,,,,,,,,,,,,,,,,,,,,,,,,,,,,
2018-10-15,-78.0,,,,,,,,,,,,,,,,,,,,,,,,,,,,,
2018-10-16,-77.0,,,,,,,,,,,,,,,,,,,,,,,,,,,,,
2018-10-17,-76.0,,,,,,,,,,,,,,,,,,,,,,,,,,,,,
2018-10-18,-75.0,,,,,,,,,,,,,,,,,,,,,,,,,,,,,
2018-10-19,-75.0,,,,,,,,,,,,,,,,,,,,,,,,,,,,,
2018-10-22,-74.0,,,,,,,,,,,,,,,,,,,,,,,,,,,,,
2018-10-23,-71.0,,,,,,,,,,,,,,,,,,,,,,,,,,,,,
2018-10-24,-70.0,,,,,,,,,,,,,,,,,,,,,,,,,,,,,
2018-10-25,-72.0,,,,,,,,,,,,,,,,,,,,,,,,,,,,,
2018-10-26,-74.0,,,,,,,,,,,,,,,,,,,,,,,,,,,,,
2018-10-29,-74.0,,,,,,,,,,,,,,,,,,,,,,,,,,,,,
2018-10-30,-78.0,,,,,,,,,,,,,,,,,,,,,,,,,,,,,
2018-10-31,-73.0,,,,,,,,,,,,,,,,,,,,,,,,,,,,,
2018-11-01,-75.0,,,,,,,,,,,,,,,,,,,,,,,,,,,,,
2018-11-02,-75.0,,,,,,,,,,,,,,,,,,,,,,,,,,,,,
2018-11-05,-77.0,,,,,,,,,,,,,,,,,,,,,,,,,,,,,
2018-11-06,-69.0,,,,,,,,,,,,,,,,,,,,,,,,,,,,,
2018-11-07,-70.0,,,,,,,,,,,,,,,,,,,,,,,,,,,,,
2018-11-08,-71.0,,,,,,,,,,,,,,,,,,,,,,,,,,,,,
2018-11-09,-66.0,,,,,,,,,,,,,,,,,,,,,,,,,,,,,
2018-11-12,-60.0,,,,,,,,,,,,,,,,,,,,,,,,,,,,,
2018-11-13,-64.0,,,,,,,,,,,,,,,,,,,,,,,,,,,,,
2018-11-14,-64.0,,,,,,,,,,,,,,,,,,,,,,,,,,,,,
2018-11-15,-63.0,,,,,,,,,,,,,,,,,,,,,,,,,,,,,
2018-11-16,-61.0,,,,,,,,,,,,,,,,,,,,,,,,,,,,,
2018-11-19,-55.0,,,,,,,,,,,,,,,,,,,,,,,,,,,,,
2018-11-20,-50.0,,,,,,,,,,,,,,,,,,,,,,,,,,,,,
2018-11-21,-33.0,,,,,,,,,,,,,,,,,,,,,,,,,,,,,
2018-11-22,-44.0,,,,,,,,,,,,,,,,,,,,,,,,,,,,,
2018-11-23,-40.0,,,,,,,,,,,,,,,,,,,,,,,,,,,,,
2018-11-26,-34.0,,,,,,,,,,,,,,,,,,,,,,,,,,,,,
2018-11-27,-28.0,,,,,,,,,,,,,,,,,,,,,,,,,,,,,
2018-11-28,-25.0,,,,,,,,,,,,,,,,,,,,,,,,,,,,,
2018-11-29,-26.0,,,,,,,,,,,,,,,,,,,,,,,,,,,,,
2018-11-30,-28.0,,,,,,,,,,,,,,,,,,,,,,,,,,,,,
2018-12-03,-18.0,,,,,,,,,,,,,,,,,,,,,,,,,,,,,
2018-12-04,-21.0,,,,,,,,,,,,,,,,,,,,,,,,,,,,,
2018-12-05,-17.0,,,,,,,,,,,,,,,,,,,,,,,,,,,,,
2018-12-06,-18.0,,,,,,,,,,,,,,,,,,,,,,,,,,,,,
2018-12-07,-26.0,,,,,,,,,,,,,,,,,,,,,,,,,,,,,
2018-12-10,-33.0,,,,,,,,,,,,,,,,,,,,,,,,,,,,,
2018-12-11,-33.0,,,,,,,,,,,,,,,,,,,,,,,,,,,,,
2018-12-12,-35.0,,,,,,,,,,,,,,,,,,,,,,,,,,,,,
2018-12-13,-30.0,,,,,,,,,,,,,,,,,,,,,,,,,,,,,
2018-12-14,-34.0,,,,,,,,,,,,,,,,,,,,,,,,,,,,,
2018-12-17,-37.0,,,,,,,,,,,,,,,,,,,,,,,,,,,,,
2018-12-18,-37.0,,,,,,,,,,,,,,,,,,,,,,,,,,,,,
2018-12-19,-31.0,,,,,,,,,,,,,,,,,,,,,,,,,,,,,
2018-12-20,-33.0,,,,,,,,,,,,,,,,,,,,,,,,,,,,,
2018-12-21,-32.0,,,,,,,,,,,,,,,,,,,,,,,,,,,,,
2018-12-24,-34.0,,,,,,,,,,,,,,,,,,,,,,,,,,,,,
2018-12-25,-32.0,,,,,,,,,,,,,,,,,,,,,,,,,,,,,
2018-12-26,-25.0,,,,,,,,,,,,,,,,,,,,,,,,,,,,,
2018-12-27,-25.0,,,,,,,,,,,,,,,,,,,,,,,,,,,,,
2018-12-28,-20.0,,,,,,,,,,,,,,,,,,,,,,,,,,,,,
2019-01-02,-25.0,,,,,,,,,,,,,,,,,,,,,,,,,,,,,
2019-01-03,-25.0,,,,,,,,,,,,,,,,,,,,,,,,,,,,,
2019-01-04,-28.0,,,,,,,,,,,,,,,,,,,,,,,,,,,,,
2019-01-07,-37.0,,,,,,,,,,,,,,,,,,,,,,,,,,,,,
2019-01-08,-37.0,,,,,,,,,,,,,,,,,,,,,,,,,,,,,
2019-01-09,-41.0,,,,,,,,,,,,,,,,,,,,,,,,,,,,,
2019-01-10,-42.0,,,,,,,,,,,,,,,,,,,,,,,,,,,,,
2019-01-11,-38.0,,,,,,,,,,,,,,,,,,,,,,,,,,,,,
2019-01-14,-34.0,,,,,,,,,,,,,,,,,,,,,,,,,,,,,
2019-01-15,-35.0,,,,,,,,,,,,,,,,,,,,,,,,,,,,,
2019-01-16,-32.0,-43.0,,,,,,,,,,,,,,,,,,,,,,,,,,,,
2019-01-17,-30.0,-43.0,,,,,,,,,,,,,,,,,,,,,,,,,,,,
2019-01-18,-30.0,-42.0,,,,,,,,,,,,,,,,,,,,,,,,,,,,
2019-01-21,-34.0,-39.0,,,,,,,,,,,,,,,,,,,,,,,,,,,,
2019-01-22,-32.0,-40.0,,,,,,,,,,,,,,,,,,,,,,,,,,,,
2019-01-23,-29.0,-38.0,,,,,,,,,,,,,,,,,,,,,,,,,,,,
2019-01-24,-31.0,-38.0,,,,,,,,,,,,,,,,,,,,,,,,,,,,
2019-01-25,-30.0,-30.0,,,,,,,,,,,,,,,,,,,,,,,,,,,,
2019-01-28,-29.0,-32.0,,,,,,,,,,,,,,,,,,,,,,,,,,,,
2019-01-29,-34.0,-27.0,,,,,,,,,,,,,,,,,,,,,,,,,,,,
2019-01-30,-33.0,-26.0,,,,,,,,,,,,,,,,,,,,,,,,,,,,
2019-01-31,-32.0,-25.0,,,,,,,,,,,,,,,,,,,,,,,,,,,,
2019-02-01,-25.0,-28.0,,,,,,,,,,,,,,,,,,,,,,,,,,,,
2019-02-11,-32.0,-30.0,,,,,,,,,,,,,,,,,,,,,,,,,,,,
2019-02-12,-31.0,-32.0,,,,,,,,,,,,,,,,,,,,,,,,,,,,
2019-02-13,-29.0,-32.0,,,,,,,,,,,,,,,,,,,,,,,,,,,,
2019-02-14,-31.0,-33.0,,,,,,,,,,,,,,,,,,,,,,,,,,,,
2019-02-15,-26.0,-38.0,,,,,,,,,,,,,,,,,,,,,,,,,,,,
2019-02-18,-30.0,-40.0,,,,,,,,,,,,,,,,,,,,,,,,,,,,
2019-02-19,-31.0,-41.0,,,,,,,,,,,,,,,,,,,,,,,,,,,,
2019-02-20,-34.0,-42.0,,,,,,,,,,,,,,,,,,,,,,,,,,,,
2019-02-21,-32.0,-39.0,,,,,,,,,,,,,,,,,,,,,,,,,,,,
2019-02-22,-31.0,-34.0,,,,,,,,,,,,,,,,,,,,,,,,,,,,
2019-02-25,-37.0,-41.0,,,,,,,,,,,,,,,,,,,,,,,,,,,,
2019-02-26,-35.0,-40.0,,,,,,,,,,,,,,,,,,,,,,,,,,,,
2019-02-27,-33.0,-40.0,,,,,,,,,,,,,,,,,,,,,,,,,,,,
2019-02-28,-21.0,-37.0,,,,,,,,,,,,,,,,,,,,,,,,,,,,
2019-03-01,-18.0,-41.0,,,,,,,,,,,,,,,,,,,,,,,,,,,,
2019-03-04,-18.0,-44.0,,,,,,,,,,,,,,,,,,,,,,,,,,,,
2019-03-05,-21.0,-41.0,,,,,,,,,,,,,,,,,,,,,,,,,,,,
2019-03-06,-18.0,-44.0,,,,,,,,,,,,,,,,,,,,,,,,,,,,
2019-03-07,-27.0,-48.0,,,,,,,,,,,,,,,,,,,,,,,,,,,,
2019-03-08,-34.0,-48.0,,,,,,,,,,,,,,,,,,,,,,,,,,,,
2019-03-11,-43.0,-49.0,,,,,,,,,,,,,,,,,,,,,,,,,,,,
2019-03-12,-37.0,-49.0,,,,,,,,,,,,,,,,,,,,,,,,,,,,
2019-03-13,-36.0,-49.0,,,,,,,,,,,,,,,,,,,,,,,,,,,,
2019-03-14,-36.0,-45.0,,,,,,,,,,,,,,,,,,,,,,,,,,,,
2019-03-15,-31.0,-43.0,,,,,,,,,,,,,,,,,,,,,,,,,,,,
2019-03-18,-37.0,-46.0,,,,,,,,,,,,,,,,,,,,,,,,,,,,
2019-03-19,-36.0,-54.0,,,,,,,,,,,,,,,,,,,,,,,,,,,,
2019-03-20,-32.0,-59.0,,,,,,,,,,,,,,,,,,,,,,,,,,,,
2019-03-21,-34.0,-58.0,,,,,,,,,,,,,,,,,,,,,,,,,,,,
2019-03-22,-26.0,-62.0,,,,,,,,,,,,,,,,,,,,,,,,,,,,
2019-03-25,-23.0,-62.0,,,,,,,,,,,,,,,,,,,,,,,,,,,,
2019-03-26,-25.0,-62.0,,,,,,,,,,,,,,,,,,,,,,,,,,,,
2019-03-27,-27.0,-58.0,,,,,,,,,,,,,,,,,,,,,,,,,,,,
2019-03-28,-27.0,-58.0,,,,,,,,,,,,,,,,,,,,,,,,,,,,
2019-03-29,-25.0,-52.0,,,,,,,,,,,,,,,,,,,,,,,,,,,,
2019-04-01,-24.0,-55.0,,,,,,,,,,,,,,,,,,,,,,,,,,,,
2019-04-02,-29.0,-57.0,,,,,,,,,,,,,,,,,,,,,,,,,,,,
2019-04-03,-32.0,-52.0,,,,,,,,,,,,,,,,,,,,,,,,,,,,
2019-04-04,-37.0,-57.0,,,,,,,,,,,,,,,,,,,,,,,,,,,,
2019-04-08,-40.0,-49.0,,,,,,,,,,,,,,,,,,,,,,,,,,,,
2019-04-09,-34.0,-50.0,,,,,,,,,,,,,,,,,,,,,,,,,,,,
2019-04-10,-38.0,-46.0,,,,,,,,,,,,,,,,,,,,,,,,,,,,
2019-04-11,-38.0,-44.0,,,,,,,,,,,,,,,,,,,,,,,,,,,,
2019-04-12,-48.0,-37.0,,,,,,,,,,,,,,,,,,,,,,,,,,,,
2019-04-15,-50.0,-38.0,,,,,,,,,,,,,,,,,,,,,,,,,,,,
2019-04-16,-50.0,-37.0,,,,,,,,,,,,,,,,,,,,,,,,,,,,
2019-04-17,-40.0,-40.0,,,,,,,,,,,,,,,,,,,,,,,,,,,,
2019-04-18,-36.0,-40.0,,,,,,,,,,,,,,,,,,,,,,,,,,,,
2019-04-19,-48.0,-35.0,,,,,,,,,,,,,,,,,,,,,,,,,,,,
2019-04-23,-45.0,-29.0,,,,,,,,,,,,,,,,,,,,,,,,,,,,
2019-04-24,-40.0,-32.0,,,,,,,,,,,,,,,,,,,,,,,,,,,,
2019-04-25,-41.0,-23.0,,,,,,,,,,,,,,,,,,,,,,,,,,,,
2019-04-26,-38.0,-16.0,,,,,,,,,,,,,,,,,,,,,,,,,,,,
2019-04-29,-49.0,-15.0,,,,,,,,,,,,,,,,,,,,,,,,,,,,
2019-04-30,-57.0,-15.0,,,,,,,,,,,,,,,,,,,,,,,,,,,,
2019-05-06,-56.0,-25.0,,,,,,,,,,,,,,,,,,,,,,,,,,,,
2019-05-07,-65.0,-24.0,,,,,,,,,,,,,,,,,,,,,,,,,,,,
2019-05-08,-50.0,-25.0,,,,,,,,,,,,,,,,,,,,,,,,,,,,
2019-05-09,-60.0,-24.0,,,,,,,,,,,,,,,,,,,,,,,,,,,,
2019-05-10,-55.0,-26.0,,,,,,,,,,,,,,,,,,,,,,,,,,,,
2019-05-13,-69.0,-26.0,,,,,,,,,,,,,,,,,,,,,,,,,,,,
2019-05-14,-47.0,-32.0,,,,,,,,,,,,,,,,,,,,,,,,,,,,
2019-05-15,-60.0,-36.0,,,,,,,,,,,,,,,,,,,,,,,,,,,,
2019-05-16,-28.0,-40.0,,,,,,,,,,,,,,,,,,,,,,,,,,,,
2019-05-17,-91.0,-42.0,,,,,,,,,,,,,,,,,,,,,,,,,,,,
2019-05-20,,-46.0,-91.0,-45.0,,,,,,,,,,,,,,,,,,,,,,,,,,
2019-05-21,,-50.0,-102.0,-52.0,,,,,,,,,,,,,,,,,,,,,,,,,,
2019-05-22,,-40.0,-89.0,-49.0,,,,,,,,,,,,,,,,,,,,,,,,,,
2019-05-23,,-41.0,-94.0,-53.0,,,,,,,,,,,,,,,,,,,,,,,,,,
2019-05-24,,-45.0,-97.0,-52.0,,,,,,,,,,,,,,,,,,,,,,,,,,
2019-05-27,,-59.0,-106.0,-47.0,,,,,,,,,,,,,,,,,,,,,,,,,,
2019-05-28,,-64.0,-118.0,-54.0,,,,,,,,,,,,,,,,,,,,,,,,,,
2019-05-29,,-65.0,-124.0,-59.0,,,,,,,,,,,,,,,,,,,,,,,,,,
2019-05-30,,-58.0,-125.0,-67.0,,,,,,,,,,,,,,,,,,,,,,,,,,
2019-05-31,,-65.0,-135.0,-70.0,,,,,,,,,,,,,,,,,,,,,,,,,,
2019-06-03,,-66.0,-137.0,-71.0,,,,,,,,,,,,,,,,,,,,,,,,,,
2019-06-04,,-70.0,-140.0,-70.0,,,,,,,,,,,,,,,,,,,,,,,,,,
2019-06-05,,-66.0,-134.0,-68.0,,,,,,,,,,,,,,,,,,,,,,,,,,
2019-06-06,,-67.0,-140.0,-73.0,,,,,,,,,,,,,,,,,,,,,,,,,,
2019-06-10,,-69.0,-140.0,-71.0,,,,,,,,,,,,,,,,,,,,,,,,,,
2019-06-11,,-67.0,-136.0,-69.0,,,,,,,,,,,,,,,,,,,,,,,,,,
2019-06-12,,-69.0,-141.0,-72.0,,,,,,,,,,,,,,,,,,,,,,,,,,
2019-06-13,,-69.0,-145.0,-76.0,,,,,,,,,,,,,,,,,,,,,,,,,,
2019-06-14,,-72.0,-148.0,-76.0,,,,,,,,,,,,,,,,,,,,,,,,,,
2019-06-17,,-74.0,-148.0,-74.0,,,,,,,,,,,,,,,,,,,,,,,,,,
2019-06-18,,-70.0,-141.0,-71.0,,,,,,,,,,,,,,,,,,,,,,,,,,
2019-06-19,,-60.0,-128.0,-68.0,,,,,,,,,,,,,,,,,,,,,,,,,,
2019-06-20,,-59.0,-121.0,-62.0,,,,,,,,,,,,,,,,,,,,,,,,,,
2019-06-21,,-56.0,-111.0,-55.0,,,,,,,,,,,,,,,,,,,,,,,,,,
2019-06-24,,-63.0,-122.0,-59.0,,,,,,,,,,,,,,,,,,,,,,,,,,
2019-06-25,,-64.0,-121.0,-57.0,,,,,,,,,,,,,,,,,,,,,,,,,,
2019-06-26,,-62.0,-125.0,-63.0,,,,,,,,,,,,,,,,,,,,,,,,,,
2019-06-27,,-64.0,-123.0,-59.0,,,,,,,,,,,,,,,,,,,,,,,,,,
2019-06-28,,-58.0,-127.0,-69.0,,,,,,,,,,,,,,,,,,,,,,,,,,
2019-07-01,,-58.0,-120.0,-62.0,,,,,,,,,,,,,,,,,,,,,,,,,,
2019-07-02,,-54.0,-116.0,-62.0,,,,,,,,,,,,,,,,,,,,,,,,,,
2019-07-03,,-57.0,-119.0,-62.0,,,,,,,,,,,,,,,,,,,,,,,,,,
2019-07-04,,-61.0,-123.0,-62.0,,,,,,,,,,,,,,,,,,,,,,,,,,
2019-07-05,,-63.0,-125.0,-62.0,,,,,,,,,,,,,,,,,,,,,,,,,,
2019-07-08,,-62.0,-124.0,-62.0,,,,,,,,,,,,,,,,,,,,,,,,,,
2019-07-09,,-61.0,-125.0,-64.0,,,,,,,,,,,,,,,,,,,,,,,,,,
2019-07-10,,-61.0,-125.0,-64.0,,,,,,,,,,,,,,,,,,,,,,,,,,
2019-07-11,,-59.0,-122.0,-63.0,,,,,,,,,,,,,,,,,,,,,,,,,,
2019-07-12,,-62.0,-124.0,-62.0,,,,,,,,,,,,,,,,,,,,,,,,,,
2019-07-15,,-63.0,-122.0,-59.0,,,,,,,,,,,,,,,,,,,,,,,,,,
2019-07-16,,-60.0,-119.0,-59.0,,,,,,,,,,,,,,,,,,,,,,,,,,
2019-07-17,,-59.0,-119.0,-60.0,,,,,,,,,,,,,,,,,,,,,,,,,,
2019-07-18,,-56.0,-116.0,-60.0,,,,,,,,,,,,,,,,,,,,,,,,,,
2019-07-19,,-57.0,-120.0,-63.0,,,,,,,,,,,,,,,,,,,,,,,,,,
2019-07-22,,-50.0,-111.0,-61.0,,,,,,,,,,,,,,,,,,,,,,,,,,
2019-07-23,,-55.0,-115.0,-60.0,,,,,,,,,,,,,,,,,,,,,,,,,,
2019-07-24,,-52.0,-111.0,-59.0,,,,,,,,,,,,,,,,,,,,,,,,,,
2019-07-25,,-51.0,-111.0,-60.0,,,,,,,,,,,,,,,,,,,,,,,,,,
2019-07-26,,-53.0,-112.0,-59.0,,,,,,,,,,,,,,,,,,,,,,,,,,
2019-07-29,,-56.0,-116.0,-60.0,,,,,,,,,,,,,,,,,,,,,,,,,,
2019-07-30,,-51.0,-112.0,-61.0,,,,,,,,,,,,,,,,,,,,,,,,,,
2019-07-31,,-50.0,-110.0,-60.0,,,,,,,,,,,,,,,,,,,,,,,,,,
2019-08-01,,-52.0,-110.0,-58.0,,,,,,,,,,,,,,,,,,,,,,,,,,
2019-08-02,,-52.0,-113.0,-61.0,,,,,,,,,,,,,,,,,,,,,,,,,,
2019-08-05,,-57.0,-117.0,-60.0,,,,,,,,,,,,,,,,,,,,,,,,,,
2019-08-06,,-54.0,-119.0,-65.0,,,,,,,,,,,,,,,,,,,,,,,,,,
2019-08-07,,-48.0,-113.0,-65.0,,,,,,,,,,,,,,,,,,,,,,,,,,
2019-08-08,,-33.0,-97.0,-64.0,,,,,,,,,,,,,,,,,,,,,,,,,,
2019-08-09,,-49.0,-114.0,-65.0,,,,,,,,,,,,,,,,,,,,,,,,,,
2019-08-12,,-50.0,-114.0,-64.0,,,,,,,,,,,,,,,,,,,,,,,,,,
2019-08-13,,-54.0,-116.0,-62.0,,,,,,,,,,,,,,,,,,,,,,,,,,
2019-08-14,,-40.0,-99.0,-59.0,,,,,,,,,,,,,,,,,,,,,,,,,,
2019-08-15,,-38.0,-99.0,-61.0,,,,,,,,,,,,,,,,,,,,,,,,,,
2019-08-16,,-34.0,-96.0,-62.0,,,,,,,,,,,,,,,,,,,,,,,,,,
2019-08-19,,-34.0,-95.0,-61.0,,,,,,,,,,,,,,,,,,,,,,,,,,
2019-08-20,,-49.0,-110.0,-61.0,,,,,,,,,,,,,,,,,,,,,,,,,,
2019-08-21,,-63.0,-119.0,-56.0,,,,,,,,,,,,,,,,,,,,,,,,,,
2019-08-22,,-57.0,-118.0,-61.0,,,,,,,,,,,,,,,,,,,,,,,,,,
2019-08-23,,-61.0,-120.0,-59.0,,,,,,,,,,,,,,,,,,,,,,,,,,
2019-08-26,,-59.0,-118.0,-59.0,,,,,,,,,,,,,,,,,,,,,,,,,,
2019-08-27,,-60.0,-118.0,-58.0,,,,,,,,,,,,,,,,,,,,,,,,,,
2019-08-28,,-64.0,-121.0,-57.0,,,,,,,,,,,,,,,,,,,,,,,,,,
2019-08-29,,-59.0,-120.0,-61.0,,,,,,,,,,,,,,,,,,,,,,,,,,
2019-08-30,,-47.0,-109.0,-62.0,,,,,,,,,,,,,,,,,,,,,,,,,,
2019-09-02,,-57.0,-116.0,-59.0,,,,,,,,,,,,,,,,,,,,,,,,,,
2019-09-03,,-58.0,-117.0,-59.0,,,,,,,,,,,,,,,,,,,,,,,,,,
2019-09-04,,-53.0,-113.0,-60.0,,,,,,,,,,,,,,,,,,,,,,,,,,
2019-09-05,,-62.0,-123.0,-61.0,,,,,,,,,,,,,,,,,,,,,,,,,,
2019-09-06,,-52.0,-108.0,-56.0,,,,,,,,,,,,,,,,,,,,,,,,,,
2019-09-09,,-77.0,-137.0,-60.0,,,,,,,,,,,,,,,,,,,,,,,,,,
2019-09-10,,,,-60.0,,,,,,,,,,,,,,,,,,,,,,,,,,
2019-09-11,,,,-61.0,,,,,,,,,,,,,,,,,,,,,,,,,,
2019-09-12,,,,-60.0,,,,,,,,,,,,,,,,,,,,,,,,,,
2019-09-16,,,,-60.0,,,,,,,,,,,,,,,,,,,,,,,,,,
2019-09-17,,,,-61.0,-40.0,,,,,,,,,,,,,,,,,,,,,,,,,
2019-09-18,,,,-63.0,-45.0,,,,,,,,,,,,,,,,,,,,,,,,,
2019-09-19,,,,-64.0,-51.0,,,,,,,,,,,,,,,,,,,,,,,,,
2019-09-20,,,,-70.0,-46.0,,,,,,,,,,,,,,,,,,,,,,,,,
2019-09-23,,,,-70.0,-44.0,,,,,,,,,,,,,,,,,,,,,,,,,
2019-09-24,,,,-70.0,-44.0,,,,,,,,,,,,,,,,,,,,,,,,,
2019-09-25,,,,-71.0,-47.0,,,,,,,,,,,,,,,,,,,,,,,,,
2019-09-26,,,,-76.0,-55.0,,,,,,,,,,,,,,,,,,,,,,,,,
2019-09-27,,,,-78.0,-58.0,,,,,,,,,,,,,,,,,,,,,,,,,
2019-09-30,,,,-70.0,-62.0,,,,,,,,,,,,,,,,,,,,,,,,,
2019-10-08,,,,-68.0,-57.0,,,,,,,,,,,,,,,,,,,,,,,,,
2019-10-09,,,,-75.0,-55.0,,,,,,,,,,,,,,,,,,,,,,,,,
2019-10-10,,,,-74.0,-56.0,,,,,,,,,,,,,,,,,,,,,,,,,
2019-10-11,,,,-74.0,-53.0,,,,,,,,,,,,,,,,,,,,,,,,,
2019-10-14,,,,-72.0,-47.0,,,,,,,,,,,,,,,,,,,,,,,,,
2019-10-15,,,,-72.0,-45.0,,,,,,,,,,,,,,,,,,,,,,,,,
2019-10-16,,,,-73.0,-49.0,,,,,,,,,,,,,,,,,,,,,,,,,
2019-10-17,,,,-72.0,-50.0,,,,,,,,,,,,,,,,,,,,,,,,,
2019-10-18,,,,-68.0,-46.0,,,,,,,,,,,,,,,,,,,,,,,,,
2019-10-21,,,,-75.0,-48.0,,,,,,,,,,,,,,,,,,,,,,,,,
2019-10-22,,,,-72.0,-47.0,,,,,,,,,,,,,,,,,,,,,,,,,
2019-10-23,,,,-75.0,-49.0,,,,,,,,,,,,,,,,,,,,,,,,,
2019-10-24,,,,-78.0,-50.0,,,,,,,,,,,,,,,,,,,,,,,,,
2019-10-25,,,,-78.0,-48.0,,,,,,,,,,,,,,,,,,,,,,,,,
2019-10-28,,,,-78.0,-46.0,,,,,,,,,,,,,,,,,,,,,,,,,
2019-10-29,,,,-76.0,-46.0,,,,,,,,,,,,,,,,,,,,,,,,,
2019-10-30,,,,-79.0,-49.0,,,,,,,,,,,,,,,,,,,,,,,,,
2019-10-31,,,,-79.0,-44.0,,,,,,,,,,,,,,,,,,,,,,,,,
2019-11-01,,,,-74.0,-44.0,,,,,,,,,,,,,,,,,,,,,,,,,
2019-11-04,,,,-78.0,-46.0,,,,,,,,,,,,,,,,,,,,,,,,,
2019-11-05,,,,-81.0,-44.0,,,,,,,,,,,,,,,,,,,,,,,,,
2019-11-06,,,,-86.0,-46.0,,,,,,,,,,,,,,,,,,,,,,,,,
2019-11-07,,,,-90.0,-49.0,,,,,,,,,,,,,,,,,,,,,,,,,
2019-11-08,,,,-84.0,-46.0,,,,,,,,,,,,,,,,,,,,,,,,,
2019-11-11,,,,-83.0,-47.0,,,,,,,,,,,,,,,,,,,,,,,,,
2019-11-12,,,,-81.0,-48.0,,,,,,,,,,,,,,,,,,,,,,,,,
2019-11-13,,,,-79.0,-47.0,,,,,,,,,,,,,,,,,,,,,,,,,
2019-11-14,,,,-81.0,-48.0,,,,,,,,,,,,,,,,,,,,,,,,,
2019-11-15,,,,-78.0,-48.0,,,,,,,,,,,,,,,,,,,,,,,,,
2019-11-18,,,,-79.0,-46.0,,,,,,,,,,,,,,,,,,,,,,,,,
2019-11-19,,,,-81.0,-49.0,,,,,,,,,,,,,,,,,,,,,,,,,
2019-11-20,,,,-79.0,-51.0,,,,,,,,,,,,,,,,,,,,,,,,,
2019-11-21,,,,-82.0,-46.0,,,,,,,,,,,,,,,,,,,,,,,,,
2019-11-22,,,,-80.0,-50.0,,,,,,,,,,,,,,,,,,,,,,,,,
2019-11-25,,,,-82.0,-53.0,,,,,,,,,,,,,,,,,,,,,,,,,
2019-11-26,,,,-80.0,-52.0,,,,,,,,,,,,,,,,,,,,,,,,,
2019-11-27,,,,-77.0,-54.0,,,,,,,,,,,,,,,,,,,,,,,,,
2019-11-28,,,,-72.0,-59.0,,,,,,,,,,,,,,,,,,,,,,,,,
2019-11-29,,,,-71.0,-58.0,,,,,,,,,,,,,,,,,,,,,,,,,
2019-12-02,,,,-69.0,-60.0,,,,,,,,,,,,,,,,,,,,,,,,,
2019-12-03,,,,-67.0,-57.0,,,,,,,,,,,,,,,,,,,,,,,,,
2019-12-04,,,,-67.0,-58.0,,,,,,,,,,,,,,,,,,,,,,,,,
2019-12-05,,,,-66.0,-56.0,,,,,,,,,,,,,,,,,,,,,,,,,
2019-12-06,,,,-70.0,-58.0,,,,,,,,,,,,,,,,,,,,,,,,,
2019-12-09,,,,-66.0,-60.0,,,,,,,,,,,,,,,,,,,,,,,,,
2019-12-10,,,,-74.0,-59.0,,,,,,,,,,,,,,,,,,,,,,,,,
2019-12-11,,,,-71.0,-60.0,,,,,,,,,,,,,,,,,,,,,,,,,
2019-12-12,,,,-70.0,-56.0,,,,,,,,,,,,,,,,,,,,,,,,,
2019-12-13,,,,-60.0,-49.0,,,,,,,,,,,,,,,,,,,,,,,,,
2019-12-16,,,,-59.0,-43.0,,,,,,,,,,,,,,,,,,,,,,,,,
2019-12-17,,,,-55.0,-43.0,,,,,,,,,,,,,,,,,,,,,,,,,
2019-12-18,,,,-59.0,-41.0,,,,,,,,,,,,,,,,,,,,,,,,,
2019-12-19,,,,-53.0,-42.0,,,,,,,,,,,,,,,,,,,,,,,,,
2019-12-20,,,,-54.0,-41.0,,,,,,,,,,,,,,,,,,,,,,,,,
2019-12-23,,,,-61.0,-41.0,,,,,,,,,,,,,,,,,,,,,,,,,
2019-12-24,,,,-69.0,-42.0,,,,,,,,,,,,,,,,,,,,,,,,,
2019-12-25,,,,-77.0,-45.0,,,,,,,,,,,,,,,,,,,,,,,,,
2019-12-26,,,,-80.0,-50.0,,,,,,,,,,,,,,,,,,,,,,,,,
2019-12-27,,,,-80.0,-49.0,,,,,,,,,,,,,,,,,,,,,,,,,
2019-12-30,,,,-84.0,-50.0,,,,,,,,,,,,,,,,,,,,,,,,,
2019-12-31,,,,-94.0,-54.0,,,,,,,,,,,,,,,,,,,,,,,,,
2020-01-02,,,,-88.0,-51.0,,,,,,,,,,,,,,,,,,,,,,,,,
2020-01-03,,,,-89.0,-58.0,,,,,,,,,,,,,,,,,,,,,,,,,
2020-01-06,,,,-105.0,-56.0,,,,,,,,,,,,,,,,,,,,,,,,,
2020-01-07,,,,,-55.0,,,,,,,,,,,,,,,,,,,,,,,,,
2020-01-08,,,,,-58.0,,,,,,,,,,,,,,,,,,,,,,,,,
2020-01-09,,,,,-56.0,,,,,,,,,,,,,,,,,,,,,,,,,
2020-01-10,,,,,-57.0,,,,,,,,,,,,,,,,,,,,,,,,,
2020-01-13,,,,,-54.0,,,,,,,,,,,,,,,,,,,,,,,,,
2020-01-14,,,,,-52.0,,,,,,,,,,,,,,,,,,,,,,,,,
2020-01-15,,,,,-49.0,,,,,,,,,,,,,,,,,,,,,,,,,
2020-01-16,,,,,-46.0,-22.0,,,,,,,,,,,,,,,,,,,,,,,,
2020-01-17,,,,,-46.0,-22.0,,,,,,,,,,,,,,,,,,,,,,,,
2020-01-20,,,,,-44.0,-18.0,,,,,,,,,,,,,,,,,,,,,,,,
2020-01-21,,,,,-46.0,-31.0,,,,,,,,,,,,,,,,,,,,,,,,
2020-01-22,,,,,-44.0,-30.0,,,,,,,,,,,,,,,,,,,,,,,,
2020-01-23,,,,,-50.0,-29.0,,,,,,,,,,,,,,,,,,,,,,,,
2020-02-03,,,,,-34.0,-22.0,,,,,,,,,,,,,,,,,,,,,,,,
2020-02-04,,,,,-37.0,-22.0,,,,,,,,,,,,,,,,,,,,,,,,
2020-02-05,,,,,-46.0,-27.0,,,,,,,,,,,,,,,,,,,,,,,,
2020-02-06,,,,,-46.0,-21.0,,,,,,,,,,,,,,,,,,,,,,,,
2020-02-07,,,,,-47.0,-20.0,,,,,,,,,,,,,,,,,,,,,,,,
2020-02-10,,,,,-43.0,-28.0,,,,,,,,,,,,,,,,,,,,,,,,
2020-02-11,,,,,-40.0,-30.0,,,,,,,,,,,,,,,,,,,,,,,,
2020-02-12,,,,,-47.0,-24.0,,,,,,,,,,,,,,,,,,,,,,,,
2020-02-13,,,,,-46.0,-27.0,,,,,,,,,,,,,,,,,,,,,,,,
2020-02-14,,,,,-48.0,-28.0,,,,,,,,,,,,,,,,,,,,,,,,
2020-02-17,,,,,-53.0,-27.0,,,,,,,,,,,,,,,,,,,,,,,,
2020-02-18,,,,,-53.0,-30.0,,,,,,,,,,,,,,,,,,,,,,,,
2020-02-19,,,,,-49.0,-30.0,,,,,,,,,,,,,,,,,,,,,,,,
2020-02-20,,,,,-48.0,-32.0,,,,,,,,,,,,,,,,,,,,,,,,
2020-02-21,,,,,-49.0,-29.0,,,,,,,,,,,,,,,,,,,,,,,,
2020-02-24,,,,,-48.0,-31.0,,,,,,,,,,,,,,,,,,,,,,,,
2020-02-25,,,,,-50.0,-31.0,,,,,,,,,,,,,,,,,,,,,,,,
2020-02-26,,,,,-50.0,-32.0,,,,,,,,,,,,,,,,,,,,,,,,
2020-02-27,,,,,-48.0,-25.0,,,,,,,,,,,,,,,,,,,,,,,,
2020-02-28,,,,,-42.0,-26.0,,,,,,,,,,,,,,,,,,,,,,,,
2020-03-02,,,,,-45.0,-23.0,,,,,,,,,,,,,,,,,,,,,,,,
2020-03-03,,,,,-44.0,-25.0,,,,,,,,,,,,,,,,,,,,,,,,
2020-03-04,,,,,-45.0,-26.0,,,,,,,,,,,,,,,,,,,,,,,,
2020-03-05,,,,,-44.0,-23.0,,,,,,,,,,,,,,,,,,,,,,,,
2020-03-06,,,,,-51.0,-26.0,,,,,,,,,,,,,,,,,,,,,,,,
2020-03-09,,,,,-49.0,-28.0,,,,,,,,,,,,,,,,,,,,,,,,
2020-03-10,,,,,-54.0,-39.0,,,,,,,,,,,,,,,,,,,,,,,,
2020-03-11,,,,,-65.0,-27.0,,,,,,,,,,,,,,,,,,,,,,,,
2020-03-12,,,,,-55.0,-34.0,,,,,,,,,,,,,,,,,,,,,,,,
2020-03-13,,,,,-57.0,-30.0,,,,,,,,,,,,,,,,,,,,,,,,
2020-03-16,,,,,-53.0,-34.0,,,,,,,,,,,,,,,,,,,,,,,,
2020-03-17,,,,,-52.0,-40.0,,,,,,,,,,,,,,,,,,,,,,,,
2020-03-18,,,,,-55.0,-40.0,,,,,,,,,,,,,,,,,,,,,,,,
2020-03-19,,,,,-53.0,-40.0,,,,,,,,,,,,,,,,,,,,,,,,
2020-03-20,,,,,-58.0,-40.0,,,,,,,,,,,,,,,,,,,,,,,,
2020-03-23,,,,,-58.0,-42.0,,,,,,,,,,,,,,,,,,,,,,,,
2020-03-24,,,,,-59.0,-42.0,,,,,,,,,,,,,,,,,,,,,,,,
2020-03-25,,,,,-59.0,-37.0,,,,,,,,,,,,,,,,,,,,,,,,
2020-03-26,,,,,-59.0,-37.0,,,,,,,,,,,,,,,,,,,,,,,,
2020-03-27,,,,,-60.0,-35.0,,,,,,,,,,,,,,,,,,,,,,,,
2020-03-30,,,,,-58.0,-38.0,,,,,,,,,,,,,,,,,,,,,,,,
2020-03-31,,,,,-58.0,-37.0,,,,,,,,,,,,,,,,,,,,,,,,
2020-04-01,,,,,-58.0,-39.0,,,,,,,,,,,,,,,,,,,,,,,,
2020-04-02,,,,,-52.0,-33.0,,,,,,,,,,,,,,,,,,,,,,,,
2020-04-03,,,,,-54.0,-34.0,,,,,,,,,,,,,,,,,,,,,,,,
2020-04-07,,,,,-54.0,-33.0,,,,,,,,,,,,,,,,,,,,,,,,
2020-04-08,,,,,-57.0,-33.0,,,,,,,,,,,,,,,,,,,,,,,,
2020-04-09,,,,,-56.0,-30.0,,,,,,,,,,,,,,,,,,,,,,,,
2020-04-10,,,,,-56.0,-28.0,,,,,,,,,,,,,,,,,,,,,,,,
2020-04-13,,,,,-51.0,-29.0,,,,,,,,,,,,,,,,,,,,,,,,
2020-04-14,,,,,-52.0,-26.0,,,,,,,,,,,,,,,,,,,,,,,,
2020-04-15,,,,,-43.0,-18.0,,,,,,,,,,,,,,,,,,,,,,,,
2020-04-16,,,,,-44.0,-27.0,,,,,,,,,,,,,,,,,,,,,,,,
2020-04-17,,,,,-42.0,-20.0,,,,,,,,,,,,,,,,,,,,,,,,
2020-04-20,,,,,-43.0,-29.0,,,,,,,,,,,,,,,,,,,,,,,,
2020-04-21,,,,,-47.0,-29.0,,,,,,,,,,,,,,,,,,,,,,,,
2020-04-22,,,,,-44.0,-29.0,,,,,,,,,,,,,,,,,,,,,,,,
2020-04-23,,,,,-39.0,-27.0,,,,,,,,,,,,,,,,,,,,,,,,
2020-04-24,,,,,-43.0,-28.0,,,,,,,,,,,,,,,,,,,,,,,,
2020-04-27,,,,,-45.0,-27.0,,,,,,,,,,,,,,,,,,,,,,,,
2020-04-28,,,,,-42.0,-24.0,,,,,,,,,,,,,,,,,,,,,,,,
2020-04-29,,,,,-42.0,-22.0,,,,,,,,,,,,,,,,,,,,,,,,
2020-04-30,,,,,-48.0,-22.0,,,,,,,,,,,,,,,,,,,,,,,,
2020-05-06,,,,,-38.0,-31.0,,,,,,,,,,,,,,,,,,,,,,,,
2020-05-07,,,,,-42.0,-29.0,,,,,,,,,,,,,,,,,,,,,,,,
2020-05-08,,,,,-56.0,-31.0,,,,,,,,,,,,,,,,,,,,,,,,
2020-05-11,,,,,-39.0,-32.0,,,,,,,,,,,,,,,,,,,,,,,,
2020-05-12,,,,,-27.0,-36.0,,,,,,,,,,,,,,,,,,,,,,,,
2020-05-13,,,,,-48.0,-37.0,,,,,,,,,,,,,,,,,,,,,,,,
2020-05-14,,,,,-43.0,-39.0,,,,,,,,,,,,,,,,,,,,,,,,
2020-05-15,,,,,,-37.0,,,,,,,,,,,,,,,,,,,,,,,,
2020-05-18,,,,,-49.0,-37.0,,,,,,,,,,,,,,,,,,,,,,,,
2020-05-19,,,,,,-37.0,,,,,,,,,,,,,,,,,,,,,,,,
2020-05-20,,,,,,-44.0,-73.0,-29.0,,,,,,,,,,,,,,,,,,,,,,
2020-05-21,,,,,,-42.0,-80.0,-38.0,,,,,,,,,,,,,,,,,,,,,,
2020-05-22,,,,,,-43.0,-88.0,-45.0,,,,,,,,,,,,,,,,,,,,,,
2020-05-25,,,,,,-47.0,-88.0,-41.0,,,,,,,,,,,,,,,,,,,,,,
2020-05-26,,,,,,-51.0,-90.0,-39.0,,,,,,,,,,,,,,,,,,,,,,
2020-05-27,,,,,,-42.0,-83.0,-41.0,,,,,,,,,,,,,,,,,,,,,,
2020-05-28,,,,,,-43.0,-84.0,-41.0,,,,,,,,,,,,,,,,,,,,,,
2020-05-29,,,,,,-40.0,-77.0,-37.0,,,,,,,,,,,,,,,,,,,,,,
2020-06-01,,,,,,-42.0,-80.0,-38.0,,,,,,,,,,,,,,,,,,,,,,
2020-06-02,,,,,,-43.0,-78.0,-35.0,,,,,,,,,,,,,,,,,,,,,,
2020-06-03,,,,,,-43.0,-80.0,-37.0,,,,,,,,,,,,,,,,,,,,,,
2020-06-04,,,,,,-46.0,-80.0,-34.0,,,,,,,,,,,,,,,,,,,,,,
2020-06-05,,,,,,-45.0,-80.0,-35.0,,,,,,,,,,,,,,,,,,,,,,
2020-06-08,,,,,,-48.0,-84.0,-36.0,,,,,,,,,,,,,,,,,,,,,,
2020-06-09,,,,,,-42.0,-78.0,-36.0,,,,,,,,,,,,,,,,,,,,,,
2020-06-10,,,,,,-43.0,-76.0,-33.0,,,,,,,,,,,,,,,,,,,,,,
2020-06-11,,,,,,-39.0,-70.0,-31.0,,,,,,,,,,,,,,,,,,,,,,
2020-06-12,,,,,,-43.0,-78.0,-35.0,,,,,,,,,,,,,,,,,,,,,,
2020-06-15,,,,,,-30.0,-62.0,-32.0,,,,,,,,,,,,,,,,,,,,,,
2020-06-16,,,,,,-30.0,-63.0,-33.0,,,,,,,,,,,,,,,,,,,,,,
2020-06-17,,,,,,-26.0,-56.0,-30.0,,,,,,,,,,,,,,,,,,,,,,
2020-06-18,,,,,,-9.0,-44.0,-35.0,,,,,,,,,,,,,,,,,,,,,,
2020-06-19,,,,,,-9.0,-45.0,-36.0,,,,,,,,,,,,,,,,,,,,,,
2020-06-22,,,,,,-11.0,-47.0,-36.0,,,,,,,,,,,,,,,,,,,,,,
2020-06-23,,,,,,-27.0,-62.0,-35.0,,,,,,,,,,,,,,,,,,,,,,
2020-06-24,,,,,,-23.0,-60.0,-37.0,,,,,,,,,,,,,,,,,,,,,,
2020-06-29,,,,,,-11.0,-42.0,-31.0,,,,,,,,,,,,,,,,,,,,,,
2020-06-30,,,,,,-12.0,-47.0,-35.0,,,,,,,,,,,,,,,,,,,,,,
2020-07-01,,,,,,-12.0,-49.0,-37.0,,,,,,,,,,,,,,,,,,,,,,
2020-07-02,,,,,,-17.0,-50.0,-33.0,,,,,,,,,,,,,,,,,,,,,,
2020-07-03,,,,,,-16.0,-45.0,-29.0,,,,,,,,,,,,,,,,,,,,,,
2020-07-06,,,,,,-16.0,-43.0,-27.0,,,,,,,,,,,,,,,,,,,,,,
2020-07-07,,,,,,-17.0,-45.0,-28.0,,,,,,,,,,,,,,,,,,,,,,
2020-07-08,,,,,,-20.0,-47.0,-27.0,,,,,,,,,,,,,,,,,,,,,,
2020-07-09,,,,,,-6.0,-32.0,-26.0,,,,,,,,,,,,,,,,,,,,,,
2020-07-10,,,,,,-10.0,-37.0,-27.0,,,,,,,,,,,,,,,,,,,,,,
2020-07-13,,,,,,-6.0,-33.0,-27.0,,,,,,,,,,,,,,,,,,,,,,
2020-07-14,,,,,,-10.0,-36.0,-26.0,,,,,,,,,,,,,,,,,,,,,,
2020-07-15,,,,,,6.0,-21.0,-27.0,,,,,,,,,,,,,,,,,,,,,,
2020-07-16,,,,,,14.0,-10.0,-24.0,,,,,,,,,,,,,,,,,,,,,,
2020-07-17,,,,,,13.0,-8.0,-21.0,,,,,,,,,,,,,,,,,,,,,,
2020-07-20,,,,,,38.0,18.0,-20.0,,,,,,,,,,,,,,,,,,,,,,
2020-07-21,,,,,,32.0,11.0,-21.0,,,,,,,,,,,,,,,,,,,,,,
2020-07-22,,,,,,37.0,20.0,-17.0,,,,,,,,,,,,,,,,,,,,,,
2020-07-23,,,,,,54.0,43.0,-11.0,,,,,,,,,,,,,,,,,,,,,,
2020-07-24,,,,,,48.0,39.0,-9.0,,,,,,,,,,,,,,,,,,,,,,
2020-07-27,,,,,,80.0,60.0,-20.0,,,,,,,,,,,,,,,,,,,,,,
2020-07-28,,,,,,74.0,53.0,-21.0,,,,,,,,,,,,,,,,,,,,,,
2020-07-29,,,,,,56.0,27.0,-29.0,,,,,,,,,,,,,,,,,,,,,,
2020-07-30,,,,,,66.0,36.0,-30.0,,,,,,,,,,,,,,,,,,,,,,
2020-07-31,,,,,,75.0,43.0,-32.0,,,,,,,,,,,,,,,,,,,,,,
2020-08-03,,,,,,67.0,33.0,-34.0,,,,,,,,,,,,,,,,,,,,,,
2020-08-04,,,,,,54.0,18.0,-36.0,,,,,,,,,,,,,,,,,,,,,,
2020-08-05,,,,,,36.0,-2.0,-38.0,,,,,,,,,,,,,,,,,,,,,,
2020-08-06,,,,,,32.0,0.0,-32.0,,,,,,,,,,,,,,,,,,,,,,
2020-08-07,,,,,,8.0,-26.0,-34.0,,,,,,,,,,,,,,,,,,,,,,
2020-08-10,,,,,,-8.0,-48.0,-40.0,,,,,,,,,,,,,,,,,,,,,,
2020-08-11,,,,,,-12.0,-50.0,-38.0,,,,,,,,,,,,,,,,,,,,,,
2020-08-12,,,,,,-15.0,-53.0,-38.0,,,,,,,,,,,,,,,,,,,,,,
2020-08-13,,,,,,-14.0,-51.0,-37.0,,,,,,,,,,,,,,,,,,,,,,
2020-08-14,,,,,,-32.0,-67.0,-35.0,,,,,,,,,,,,,,,,,,,,,,
2020-08-17,,,,,,-26.0,-63.0,-37.0,,,,,,,,,,,,,,,,,,,,,,
2020-08-18,,,,,,-27.0,-67.0,-40.0,,,,,,,,,,,,,,,,,,,,,,
2020-08-19,,,,,,-41.0,-78.0,-37.0,,,,,,,,,,,,,,,,,,,,,,
2020-08-20,,,,,,-43.0,-83.0,-40.0,,,,,,,,,,,,,,,,,,,,,,
2020-08-21,,,,,,-54.0,-94.0,-40.0,,,,,,,,,,,,,,,,,,,,,,
2020-08-24,,,,,,-41.0,-76.0,-35.0,,,,,,,,,,,,,,,,,,,,,,
2020-08-25,,,,,,-47.0,-81.0,-34.0,,,,,,,,,,,,,,,,,,,,,,
2020-08-26,,,,,,-54.0,-91.0,-37.0,,,,,,,,,,,,,,,,,,,,,,
2020-08-27,,,,,,-33.0,-72.0,-39.0,,,,,,,,,,,,,,,,,,,,,,
2020-08-28,,,,,,-49.0,-84.0,-35.0,,,,,,,,,,,,,,,,,,,,,,
2020-08-31,,,,,,-43.0,-76.0,-33.0,,,,,,,,,,,,,,,,,,,,,,
2020-09-01,,,,,,-53.0,-86.0,-33.0,,,,,,,,,,,,,,,,,,,,,,
2020-09-02,,,,,,-56.0,-91.0,-35.0,,,,,,,,,,,,,,,,,,,,,,
2020-09-03,,,,,,-45.0,-84.0,-39.0,,,,,,,,,,,,,,,,,,,,,,
2020-09-04,,,,,,-53.0,-94.0,-41.0,,,,,,,,,,,,,,,,,,,,,,
2020-09-07,,,,,,-62.0,-109.0,-47.0,,,,,,,,,,,,,,,,,,,,,,
2020-09-08,,,,,,-74.0,-122.0,-48.0,,,,,,,,,,,,,,,,,,,,,,
2020-09-09,,,,,,,,-46.0,,,,,,,,,,,,,,,,,,,,,,
2020-09-10,,,,,,-74.0,-110.0,-36.0,,,,,,,,,,,,,,,,,,,,,,
2020-09-11,,,,,,-85.0,-124.0,-39.0,,,,,,,,,,,,,,,,,,,,,,
2020-09-14,,,,,,,,-41.0,,,,,,,,,,,,,,,,,,,,,,
2020-09-15,,,,,,,,-39.0,-38.0,,,,,,,,,,,,,,,,,,,,,
2020-09-16,,,,,,,,-41.0,-35.0,,,,,,,,,,,,,,,,,,,,,
2020-09-17,,,,,,,,-39.0,-29.0,,,,,,,,,,,,,,,,,,,,,
2020-09-18,,,,,,,,-36.0,-18.0,,,,,,,,,,,,,,,,,,,,,
2020-09-21,,,,,,,,-34.0,-14.0,,,,,,,,,,,,,,,,,,,,,
2020-09-22,,,,,,,,-33.0,-10.0,,,,,,,,,,,,,,,,,,,,,
2020-09-23,,,,,,,,-34.0,-30.0,,,,,,,,,,,,,,,,,,,,,
2020-09-24,,,,,,,,-39.0,-16.0,,,,,,,,,,,,,,,,,,,,,
2020-09-25,,,,,,,,-40.0,-21.0,,,,,,,,,,,,,,,,,,,,,
2020-09-28,,,,,,,,-42.0,-20.0,,,,,,,,,,,,,,,,,,,,,
2020-09-29,,,,,,,,-41.0,-19.0,,,,,,,,,,,,,,,,,,,,,
2020-09-30,,,,,,,,-45.0,-17.0,,,,,,,,,,,,,,,,,,,,,
2020-10-09,,,,,,,,-39.0,-8.0,,,,,,,,,,,,,,,,,,,,,
2020-10-12,,,,,,,,-37.0,-18.0,,,,,,,,,,,,,,,,,,,,,
2020-10-13,,,,,,,,-34.0,-20.0,,,,,,,,,,,,,,,,,,,,,
2020-10-14,,,,,,,,-12.0,-18.0,,,,,,,,,,,,,,,,,,,,,
2020-10-15,,,,,,,,-9.0,-16.0,,,,,,,,,,,,,,,,,,,,,
2020-10-16,,,,,,,,-7.0,-13.0,,,,,,,,,,,,,,,,,,,,,
2020-10-19,,,,,,,,-6.0,-11.0,,,,,,,,,,,,,,,,,,,,,
2020-10-20,,,,,,,,6.0,-5.0,,,,,,,,,,,,,,,,,,,,,
2020-10-21,,,,,,,,12.0,-2.0,,,,,,,,,,,,,,,,,,,,,
2020-10-22,,,,,,,,6.0,-7.0,,,,,,,,,,,,,,,,,,,,,
2020-10-23,,,,,,,,2.0,-8.0,,,,,,,,,,,,,,,,,,,,,
2020-10-26,,,,,,,,4.0,-4.0,,,,,,,,,,,,,,,,,,,,,
2020-10-27,,,,,,,,5.0,-5.0,,,,,,,,,,,,,,,,,,,,,
2020-10-28,,,,,,,,10.0,-4.0,,,,,,,,,,,,,,,,,,,,,
2020-10-29,,,,,,,,16.0,-4.0,,,,,,,,,,,,,,,,,,,,,
2020-10-30,,,,,,,,15.0,9.0,,,,,,,,,,,,,,,,,,,,,
2020-11-02,,,,,,,,-3.0,-12.0,,,,,,,,,,,,,,,,,,,,,
2020-11-03,,,,,,,,-7.0,-10.0,,,,,,,,,,,,,,,,,,,,,
2020-11-04,,,,,,,,-7.0,-7.0,,,,,,,,,,,,,,,,,,,,,
2020-11-05,,,,,,,,-16.0,-9.0,,,,,,,,,,,,,,,,,,,,,
2020-11-06,,,,,,,,-27.0,-14.0,,,,,,,,,,,,,,,,,,,,,
2020-11-09,,,,,,,,-21.0,-7.0,,,,,,,,,,,,,,,,,,,,,
2020-11-10,,,,,,,,-28.0,-8.0,,,,,,,,,,,,,,,,,,,,,
2020-11-11,,,,,,,,-27.0,1.0,,,,,,,,,,,,,,,,,,,,,
2020-11-12,,,,,,,,-30.0,1.0,,,,,,,,,,,,,,,,,,,,,
2020-11-13,,,,,,,,-32.0,3.0,,,,,,,,,,,,,,,,,,,,,
2020-11-16,,,,,,,,-32.0,20.0,,,,,,,,,,,,,,,,,,,,,
2020-11-17,,,,,,,,-40.0,16.0,,,,,,,,,,,,,,,,,,,,,
2020-11-18,,,,,,,,-39.0,12.0,,,,,,,,,,,,,,,,,,,,,
2020-11-19,,,,,,,,-37.0,5.0,,,,,,,,,,,,,,,,,,,,,
2020-11-20,,,,,,,,-44.0,1.0,,,,,,,,,,,,,,,,,,,,,
2020-11-23,,,,,,,,-66.0,-11.0,,,,,,,,,,,,,,,,,,,,,
2020-11-24,,,,,,,,-64.0,-11.0,,,,,,,,,,,,,,,,,,,,,
2020-11-25,,,,,,,,-68.0,-3.0,,,,,,,,,,,,,,,,,,,,,
2020-11-26,,,,,,,,-69.0,1.0,,,,,,,,,,,,,,,,,,,,,
2020-11-27,,,,,,,,-75.0,-1.0,,,,,,,,,,,,,,,,,,,,,
2020-11-30,,,,,,,,-80.0,6.0,,,,,,,,,,,,,,,,,,,,,
2020-12-01,,,,,,,,-77.0,14.0,,,,,,,,,,,,,,,,,,,,,
2020-12-02,,,,,,,,-72.0,4.0,,,,,,,,,,,,,,,,,,,,,
2020-12-03,,,,,,,,-67.0,-5.0,,,,,,,,,,,,,,,,,,,,,
2020-12-04,,,,,,,,-70.0,-5.0,,,,,,,,,,,,,,,,,,,,,
2020-12-07,,,,,,,,-60.0,-12.0,,,,,,,,,,,,,,,,,,,,,
2020-12-08,,,,,,,,-57.0,-19.0,,,,,,,,,,,,,,,,,,,,,
2020-12-09,,,,,,,,-61.0,-5.0,,,,,,,,,,,,,,,,,,,,,
2020-12-10,,,,,,,,-60.0,-8.0,,,,,,,,,,,,,,,,,,,,,
2020-12-11,,,,,,,,-63.0,-11.0,,,,,,,,,,,,,,,,,,,,,
2020-12-14,,,,,,,,-63.0,-21.0,,,,,,,,,,,,,,,,,,,,,
2020-12-15,,,,,,,,-58.0,-22.0,,,,,,,,,,,,,,,,,,,,,
2020-12-16,,,,,,,,-65.0,-14.0,,,,,,,,,,,,,,,,,,,,,
2020-12-17,,,,,,,,-73.0,-18.0,,,,,,,,,,,,,,,,,,,,,
2020-12-18,,,,,,,,-71.0,-20.0,,,,,,,,,,,,,,,,,,,,,
2020-12-21,,,,,,,,-90.0,-7.0,,,,,,,,,,,,,,,,,,,,,
2020-12-22,,,,,,,,-87.0,-11.0,,,,,,,,,,,,,,,,,,,,,
2020-12-23,,,,,,,,-84.0,-6.0,,,,,,,,,,,,,,,,,,,,,
2020-12-24,,,,,,,,-84.0,-3.0,,,,,,,,,,,,,,,,,,,,,
2020-12-25,,,,,,,,-75.0,0.0,,,,,,,,,,,,,,,,,,,,,
2020-12-28,,,,,,,,-67.0,10.0,,,,,,,,,,,,,,,,,,,,,
2020-12-29,,,,,,,,-60.0,6.0,,,,,,,,,,,,,,,,,,,,,
2020-12-30,,,,,,,,-63.0,15.0,,,,,,,,,,,,,,,,,,,,,
2020-12-31,,,,,,,,-52.0,12.0,,,,,,,,,,,,,,,,,,,,,
2021-01-04,,,,,,,,-54.0,9.0,,,,,,,,,,,,,,,,,,,,,
2021-01-05,,,,,,,,-54.0,18.0,,,,,,,,,,,,,,,,,,,,,
2021-01-06,,,,,,,,-51.0,21.0,,,,,,,,,,,,,,,,,,,,,
2021-01-07,,,,,,,,-57.0,26.0,,,,,,,,,,,,,,,,,,,,,
2021-01-08,,,,,,,,-35.0,38.0,,,,,,,,,,,,,,,,,,,,,
2021-01-11,,,,,,,,-12.0,36.0,,,,,,,,,,,,,,,,,,,,,
2021-01-12,,,,,,,,,47.0,,,,,,,,,,,,,,,,,,,,,
2021-01-13,,,,,,,,-17.0,48.0,,,,,,,,,,,,,,,,,,,,,
2021-01-14,,,,,,,,-3.0,45.0,,,,,,,,,,,,,,,,,,,,,
2021-01-15,,,,,,,,,53.0,,,,,,,,,,,,,,,,,,,,,
2021-01-18,,,,,,,,,46.0,91.0,,,,,,,,,,,,,,,,,,,,
2021-01-19,,,,,,,,,45.0,85.0,,,,,,,,,,,,,,,,,,,,
2021-01-20,,,,,,,,,53.0,78.0,,,,,,,,,,,,,,,,,,,,
2021-01-21,,,,,,,,,51.0,82.0,,,,,,,,,,,,,,,,,,,,
2021-01-22,,,,,,,,,45.0,76.0,,,,,,,,,,,,,,,,,,,,
2021-01-25,,,,,,,,,30.0,86.0,,,,,,,,,,,,,,,,,,,,
2021-01-26,,,,,,,,,30.0,83.0,,,,,,,,,,,,,,,,,,,,
2021-01-27,,,,,,,,,26.0,73.0,,,,,,,,,,,,,,,,,,,,
2021-01-28,,,,,,,,,9.0,58.0,,,,,,,,,,,,,,,,,,,,
2021-01-29,,,,,,,,,15.0,69.0,,,,,,,,,,,,,,,,,,,,
2021-02-01,,,,,,,,,18.0,89.0,,,,,,,,,,,,,,,,,,,,
2021-02-02,,,,,,,,,25.0,89.0,,,,,,,,,,,,,,,,,,,,
2021-02-03,,,,,,,,,24.0,88.0,,,,,,,,,,,,,,,,,,,,
2021-02-04,,,,,,,,,28.0,87.0,,,,,,,,,,,,,,,,,,,,
2021-02-05,,,,,,,,,38.0,105.0,,,,,,,,,,,,,,,,,,,,
2021-02-08,,,,,,,,,13.0,90.0,,,,,,,,,,,,,,,,,,,,
2021-02-09,,,,,,,,,16.0,86.0,,,,,,,,,,,,,,,,,,,,
2021-02-10,,,,,,,,,15.0,85.0,,,,,,,,,,,,,,,,,,,,
2021-02-18,,,,,,,,,40.0,96.0,,,,,,,,,,,,,,,,,,,,
2021-02-19,,,,,,,,,38.0,88.0,,,,,,,,,,,,,,,,,,,,
2021-02-22,,,,,,,,,26.0,63.0,,,,,,,,,,,,,,,,,,,,
2021-02-23,,,,,,,,,28.0,56.0,,,,,,,,,,,,,,,,,,,,
2021-02-24,,,,,,,,,40.0,63.0,,,,,,,,,,,,,,,,,,,,
2021-02-25,,,,,,,,,49.0,65.0,,,,,,,,,,,,,,,,,,,,
2021-02-26,,,,,,,,,40.0,54.0,,,,,,,,,,,,,,,,,,,,
2021-03-01,,,,,,,,,47.0,58.0,,,,,,,,,,,,,,,,,,,,
2021-03-02,,,,,,,,,46.0,72.0,,,,,,,,,,,,,,,,,,,,
2021-03-03,,,,,,,,,40.0,50.0,,,,,,,,,,,,,,,,,,,,
2021-03-04,,,,,,,,,48.0,46.0,,,,,,,,,,,,,,,,,,,,
2021-03-05,,,,,,,,,54.0,65.0,,,,,,,,,,,,,,,,,,,,
2021-03-08,,,,,,,,,63.0,54.0,,,,,,,,,,,,,,,,,,,,
2021-03-09,,,,,,,,,44.0,53.0,,,,,,,,,,,,,,,,,,,,
2021-03-10,,,,,,,,,30.0,36.0,,,,,,,,,,,,,,,,,,,,
2021-03-11,,,,,,,,,22.0,51.0,,,,,,,,,,,,,,,,,,,,
2021-03-12,,,,,,,,,30.0,43.0,,,,,,,,,,,,,,,,,,,,
2021-03-15,,,,,,,,,22.0,46.0,,,,,,,,,,,,,,,,,,,,
2021-03-16,,,,,,,,,30.0,41.0,,,,,,,,,,,,,,,,,,,,
2021-03-17,,,,,,,,,27.0,30.0,,,,,,,,,,,,,,,,,,,,
2021-03-18,,,,,,,,,26.0,24.0,,,,,,,,,,,,,,,,,,,,
2021-03-19,,,,,,,,,35.0,31.0,,,,,,,,,,,,,,,,,,,,
2021-03-22,,,,,,,,,31.0,32.0,,,,,,,,,,,,,,,,,,,,
2021-03-23,,,,,,,,,33.0,42.0,,,,,,,,,,,,,,,,,,,,
2021-03-24,,,,,,,,,26.0,35.0,,,,,,,,,,,,,,,,,,,,
2021-03-25,,,,,,,,,27.0,43.0,,,,,,,,,,,,,,,,,,,,
2021-03-26,,,,,,,,,30.0,35.0,,,,,,,,,,,,,,,,,,,,
2021-03-29,,,,,,,,,38.0,25.0,,,,,,,,,,,,,,,,,,,,
2021-03-30,,,,,,,,,34.0,17.0,,,,,,,,,,,,,,,,,,,,
2021-03-31,,,,,,,,,51.0,12.0,,,,,,,,,,,,,,,,,,,,
2021-04-01,,,,,,,,,41.0,5.0,,,,,,,,,,,,,,,,,,,,
2021-04-02,,,,,,,,,8.0,6.0,,,,,,,,,,,,,,,,,,,,
2021-04-06,,,,,,,,,1.0,20.0,,,,,,,,,,,,,,,,,,,,
2021-04-07,,,,,,,,,11.0,22.0,,,,,,,,,,,,,,,,,,,,
2021-04-08,,,,,,,,,45.0,24.0,,,,,,,,,,,,,,,,,,,,
2021-04-09,,,,,,,,,55.0,22.0,,,,,,,,,,,,,,,,,,,,
2021-04-12,,,,,,,,,57.0,26.0,,,,,,,,,,,,,,,,,,,,
2021-04-13,,,,,,,,,46.0,29.0,,,,,,,,,,,,,,,,,,,,
2021-04-14,,,,,,,,,51.0,39.0,,,,,,,,,,,,,,,,,,,,
2021-04-15,,,,,,,,,46.0,46.0,,,,,,,,,,,,,,,,,,,,
2021-04-16,,,,,,,,,49.0,49.0,,,,,,,,,,,,,,,,,,,,
2021-04-19,,,,,,,,,36.0,41.0,,,,,,,,,,,,,,,,,,,,
2021-04-20,,,,,,,,,38.0,42.0,,,,,,,,,,,,,,,,,,,,
2021-04-21,,,,,,,,,31.0,47.0,,,,,,,,,,,,,,,,,,,,
2021-04-22,,,,,,,,,19.0,53.0,,,,,,,,,,,,,,,,,,,,
2021-04-23,,,,,,,,,15.0,42.0,,,,,,,,,,,,,,,,,,,,
2021-04-26,,,,,,,,,21.0,50.0,,,,,,,,,,,,,,,,,,,,
2021-04-27,,,,,,,,,18.0,51.0,,,,,,,,,,,,,,,,,,,,
2021-04-28,,,,,,,,,27.0,53.0,,,,,,,,,,,,,,,,,,,,
2021-04-29,,,,,,,,,59.0,56.0,,,,,,,,,,,,,,,,,,,,
2021-04-30,,,,,,,,,79.0,47.0,,,,,,,,,,,,,,,,,,,,
2021-05-06,,,,,,,,,54.0,42.0,,,,,,,,,,,,,,,,,,,,
2021-05-07,,,,,,,,,-17.0,39.0,,,,,,,,,,,,,,,,,,,,
2021-05-10,,,,,,,,,3.0,23.0,,,,,,,,,,,,,,,,,,,,
2021-05-11,,,,,,,,,-31.0,31.0,,,,,,,,,,,,,,,,,,,,
2021-05-12,,,,,,,,,-37.0,23.0,,,,,,,,,,,,,,,,,,,,
2021-05-13,,,,,,,,,-31.0,21.0,,,,,,,,,,,,,,,,,,,,
2021-05-14,,,,,,,,,,15.0,,,,,,,,,,,,,,,,,,,,
2021-05-17,,,,,,,,,-11.0,20.0,,,,,,,,,,,,,,,,,,,,
2021-05-18,,,,,,,,,,20.0,,,,,,,,,,,,,,,,,,,,
2021-05-19,,,,,,,,,,26.0,,,,,,,,,,,,,,,,,,,,
2021-05-20,,,,,,,,,,25.0,28.0,3.0,,,,,,,,,,,,,,,,,,
2021-05-21,,,,,,,,,,35.0,44.0,9.0,,,,,,,,,,,,,,,,,,
2021-05-24,,,,,,,,,,34.0,53.0,19.0,,,,,,,,,,,,,,,,,,
2021-05-25,,,,,,,,,,33.0,44.0,11.0,,,,,,,,,,,,,,,,,,
2021-05-26,,,,,,,,,,18.0,14.0,-4.0,,,,,,,,,,,,,,,,,,
2021-05-27,,,,,,,,,,20.0,18.0,-2.0,,,,,,,,,,,,,,,,,,
2021-05-28,,,,,,,,,,28.0,18.0,-10.0,,,,,,,,,,,,,,,,,,
2021-05-31,,,,,,,,,,24.0,22.0,-2.0,,,,,,,,,,,,,,,,,,
2021-06-01,,,,,,,,,,23.0,24.0,1.0,,,,,,,,,,,,,,,,,,
2021-06-02,,,,,,,,,,27.0,32.0,5.0,,,,,,,,,,,,,,,,,,
2021-06-03,,,,,,,,,,34.0,30.0,-4.0,,,,,,,,,,,,,,,,,,
2021-06-04,,,,,,,,,,28.0,28.0,0.0,,,,,,,,,,,,,,,,,,
2021-06-07,,,,,,,,,,20.0,24.0,4.0,,,,,,,,,,,,,,,,,,
2021-06-08,,,,,,,,,,16.0,17.0,1.0,,,,,,,,,,,,,,,,,,
2021-06-09,,,,,,,,,,31.0,30.0,-1.0,,,,,,,,,,,,,,,,,,
2021-06-10,,,,,,,,,,39.0,44.0,5.0,,,,,,,,,,,,,,,,,,
2021-06-11,,,,,,,,,,30.0,34.0,4.0,,,,,,,,,,,,,,,,,,
2021-06-15,,,,,,,,,,24.0,19.0,-5.0,,,,,,,,,,,,,,,,,,
2021-06-16,,,,,,,,,,25.0,20.0,-5.0,,,,,,,,,,,,,,,,,,
2021-06-17,,,,,,,,,,27.0,17.0,-10.0,,,,,,,,,,,,,,,,,,
2021-06-18,,,,,,,,,,17.0,11.0,-6.0,,,,,,,,,,,,,,,,,,
2021-06-21,,,,,,,,,,-1.0,7.0,8.0,,,,,,,,,,,,,,,,,,
2021-06-22,,,,,,,,,,4.0,7.0,3.0,,,,,,,,,,,,,,,,,,
2021-06-23,,,,,,,,,,-1.0,0.0,1.0,,,,,,,,,,,,,,,,,,
2021-06-24,,,,,,,,,,-1.0,-11.0,-10.0,,,,,,,,,,,,,,,,,,
2021-06-25,,,,,,,,,,2.0,-9.0,-11.0,,,,,,,,,,,,,,,,,,
2021-06-28,,,,,,,,,,-3.0,-11.0,-8.0,,,,,,,,,,,,,,,,,,
2021-06-29,,,,,,,,,,2.0,-4.0,-6.0,,,,,,,,,,,,,,,,,,
2021-06-30,,,,,,,,,,-2.0,-14.0,-12.0,,,,,,,,,,,,,,,,,,
2021-07-01,,,,,,,,,,-9.0,-26.0,-17.0,,,,,,,,,,,,,,,,,,
2021-07-02,,,,,,,,,,-10.0,-35.0,-25.0,,,,,,,,,,,,,,,,,,
2021-07-05,,,,,,,,,,-13.0,-42.0,-29.0,,,,,,,,,,,,,,,,,,
2021-07-06,,,,,,,,,,-9.0,-42.0,-33.0,,,,,,,,,,,,,,,,,,
2021-07-07,,,,,,,,,,-10.0,-43.0,-33.0,,,,,,,,,,,,,,,,,,
2021-07-08,,,,,,,,,,-9.0,-42.0,-33.0,,,,,,,,,,,,,,,,,,
2021-07-09,,,,,,,,,,-3.0,-43.0,-40.0,,,,,,,,,,,,,,,,,,
2021-07-12,,,,,,,,,,-8.0,-29.0,-21.0,,,,,,,,,,,,,,,,,,
2021-07-13,,,,,,,,,,4.0,-22.0,-26.0,,,,,,,,,,,,,,,,,,
2021-07-14,,,,,,,,,,16.0,-8.0,-24.0,,,,,,,,,,,,,,,,,,
2021-07-15,,,,,,,,,,10.0,-22.0,-32.0,,,,,,,,,,,,,,,,,,
2021-07-16,,,,,,,,,,-1.0,-43.0,-42.0,,,,,,,,,,,,,,,,,,
2021-07-19,,,,,,,,,,-3.0,-54.0,-51.0,,,,,,,,,,,,,,,,,,
2021-07-20,,,,,,,,,,-12.0,-60.0,-48.0,,,,,,,,,,,,,,,,,,
2021-07-21,,,,,,,,,,-13.0,-62.0,-49.0,,,,,,,,,,,,,,,,,,
2021-07-22,,,,,,,,,,-20.0,-69.0,-49.0,,,,,,,,,,,,,,,,,,
2021-07-23,,,,,,,,,,-13.0,-53.0,-40.0,,,,,,,,,,,,,,,,,,
2021-07-26,,,,,,,,,,-9.0,-47.0,-38.0,,,,,,,,,,,,,,,,,,
2021-07-27,,,,,,,,,,-2.0,-41.0,-39.0,,,,,,,,,,,,,,,,,,
2021-07-28,,,,,,,,,,3.0,-34.0,-37.0,,,,,,,,,,,,,,,,,,
2021-07-29,,,,,,,,,,-2.0,-40.0,-38.0,,,,,,,,,,,,,,,,,,
2021-07-30,,,,,,,,,,3.0,-39.0,-42.0,,,,,,,,,,,,,,,,,,
2021-08-02,,,,,,,,,,6.0,-31.0,-37.0,,,,,,,,,,,,,,,,,,
2021-08-03,,,,,,,,,,11.0,-26.0,-37.0,,,,,,,,,,,,,,,,,,
2021-08-04,,,,,,,,,,21.0,-15.0,-36.0,,,,,,,,,,,,,,,,,,
2021-08-05,,,,,,,,,,40.0,3.0,-37.0,,,,,,,,,,,,,,,,,,
2021-08-06,,,,,,,,,,33.0,-8.0,-41.0,,,,,,,,,,,,,,,,,,
2021-08-09,,,,,,,,,,39.0,-2.0,-41.0,,,,,,,,,,,,,,,,,,
2021-08-10,,,,,,,,,,36.0,-10.0,-46.0,,,,,,,,,,,,,,,,,,
2021-08-11,,,,,,,,,,35.0,-13.0,-48.0,,,,,,,,,,,,,,,,,,
2021-08-12,,,,,,,,,,42.0,6.0,-36.0,,,,,,,,,,,,,,,,,,
2021-08-13,,,,,,,,,,31.0,-6.0,-37.0,,,,,,,,,,,,,,,,,,
2021-08-16,,,,,,,,,,15.0,-34.0,-49.0,,,,,,,,,,,,,,,,,,
2021-08-17,,,,,,,,,,15.0,-31.0,-46.0,,,,,,,,,,,,,,,,,,
2021-08-18,,,,,,,,,,34.0,-21.0,-55.0,,,,,,,,,,,,,,,,,,
2021-08-19,,,,,,,,,,20.0,-32.0,-52.0,,,,,,,,,,,,,,,,,,
2021-08-20,,,,,,,,,,40.0,-21.0,-61.0,,,,,,,,,,,,,,,,,,
2021-08-23,,,,,,,,,,73.0,20.0,-53.0,,,,,,,,,,,,,,,,,,
2021-08-24,,,,,,,,,,78.0,20.0,-58.0,,,,,,,,,,,,,,,,,,
2021-08-25,,,,,,,,,,91.0,32.0,-59.0,,,,,,,,,,,,,,,,,,
2021-08-26,,,,,,,,,,96.0,33.0,-63.0,,,,,,,,,,,,,,,,,,
2021-08-27,,,,,,,,,,97.0,37.0,-60.0,,,,,,,,,,,,,,,,,,
2021-08-30,,,,,,,,,,74.0,22.0,-52.0,,,,,,,,,,,,,,,,,,
2021-08-31,,,,,,,,,,30.0,-19.0,-49.0,,,,,,,,,,,,,,,,,,
2021-09-01,,,,,,,,,,42.0,-13.0,-55.0,,,,,,,,,,,,,,,,,,
2021-09-02,,,,,,,,,,83.0,35.0,-48.0,,,,,,,,,,,,,,,,,,
2021-09-03,,,,,,,,,,70.0,23.0,-47.0,,,,,,,,,,,,,,,,,,
2021-09-06,,,,,,,,,,104.0,48.0,-56.0,,,,,,,,,,,,,,,,,,
2021-09-07,,,,,,,,,,,,-55.0,,,,,,,,,,,,,,,,,,
2021-09-08,,,,,,,,,,97.0,44.0,-53.0,,,,,,,,,,,,,,,,,,
2021-09-09,,,,,,,,,,,,-55.0,,,,,,,,,,,,,,,,,,
2021-09-10,,,,,,,,,,107.0,54.0,-53.0,,,,,,,,,,,,,,,,,,
2021-09-13,,,,,,,,,,,,-51.0,,,,,,,,,,,,,,,,,,
2021-09-14,,,,,,,,,,,,-52.0,,,,,,,,,,,,,,,,,,
2021-09-15,,,,,,,,,,,,-50.0,-17.0,,,,,,,,,,,,,,,,,
2021-09-16,,,,,,,,,,,,-52.0,-19.0,,,,,,,,,,,,,,,,,
2021-09-17,,,,,,,,,,,,-47.0,-23.0,,,,,,,,,,,,,,,,,
2021-09-22,,,,,,,,,,,,-45.0,-9.0,,,,,,,,,,,,,,,,,
2021-09-23,,,,,,,,,,,,-45.0,-11.0,,,,,,,,,,,,,,,,,
2021-09-24,,,,,,,,,,,,-45.0,-12.0,,,,,,,,,,,,,,,,,
2021-09-27,,,,,,,,,,,,-48.0,-10.0,,,,,,,,,,,,,,,,,
2021-09-28,,,,,,,,,,,,-49.0,-19.0,,,,,,,,,,,,,,,,,
2021-09-29,,,,,,,,,,,,-45.0,-14.0,,,,,,,,,,,,,,,,,
2021-09-30,,,,,,,,,,,,-36.0,-9.0,,,,,,,,,,,,,,,,,
2021-10-08,,,,,,,,,,,,-49.0,-15.0,,,,,,,,,,,,,,,,,
2021-10-11,,,,,,,,,,,,-53.0,-8.0,,,,,,,,,,,,,,,,,
2021-10-12,,,,,,,,,,,,-59.0,-8.0,,,,,,,,,,,,,,,,,
2021-10-13,,,,,,,,,,,,-47.0,-5.0,,,,,,,,,,,,,,,,,
2021-10-14,,,,,,,,,,,,-41.0,-15.0,,,,,,,,,,,,,,,,,
2021-10-15,,,,,,,,,,,,-39.0,-3.0,,,,,,,,,,,,,,,,,
2021-10-18,,,,,,,,,,,,-48.0,-14.0,,,,,,,,,,,,,,,,,
2021-10-19,,,,,,,,,,,,-48.0,-12.0,,,,,,,,,,,,,,,,,
2021-10-20,,,,,,,,,,,,-45.0,-8.0,,,,,,,,,,,,,,,,,
2021-10-21,,,,,,,,,,,,-40.0,-16.0,,,,,,,,,,,,,,,,,
2021-10-22,,,,,,,,,,,,-46.0,-9.0,,,,,,,,,,,,,,,,,
2021-10-25,,,,,,,,,,,,-37.0,-10.0,,,,,,,,,,,,,,,,,
2021-10-26,,,,,,,,,,,,-38.0,-20.0,,,,,,,,,,,,,,,,,
2021-10-27,,,,,,,,,,,,-44.0,-22.0,,,,,,,,,,,,,,,,,
2021-10-28,,,,,,,,,,,,-50.0,-21.0,,,,,,,,,,,,,,,,,
2021-10-29,,,,,,,,,,,,-41.0,-12.0,,,,,,,,,,,,,,,,,
2021-11-01,,,,,,,,,,,,-38.0,-12.0,,,,,,,,,,,,,,,,,
2021-11-02,,,,,,,,,,,,-41.0,-6.0,,,,,,,,,,,,,,,,,
2021-11-03,,,,,,,,,,,,-39.0,-8.0,,,,,,,,,,,,,,,,,
2021-11-04,,,,,,,,,,,,-36.0,-2.0,,,,,,,,,,,,,,,,,
2021-11-05,,,,,,,,,,,,-27.0,1.0,,,,,,,,,,,,,,,,,
2021-11-08,,,,,,,,,,,,-18.0,-2.0,,,,,,,,,,,,,,,,,
2021-11-09,,,,,,,,,,,,-5.0,10.0,,,,,,,,,,,,,,,,,
2021-11-10,,,,,,,,,,,,6.0,10.0,,,,,,,,,,,,,,,,,
2021-11-11,,,,,,,,,,,,-10.0,7.0,,,,,,,,,,,,,,,,,
2021-11-12,,,,,,,,,,,,-20.0,3.0,,,,,,,,,,,,,,,,,
2021-11-15,,,,,,,,,,,,-29.0,15.0,,,,,,,,,,,,,,,,,
2021-11-16,,,,,,,,,,,,-21.0,18.0,,,,,,,,,,,,,,,,,
2021-11-17,,,,,,,,,,,,-12.0,12.0,,,,,,,,,,,,,,,,,
2021-11-18,,,,,,,,,,,,-16.0,16.0,,,,,,,,,,,,,,,,,
2021-11-19,,,,,,,,,,,,-8.0,17.0,,,,,,,,,,,,,,,,,
2021-11-22,,,,,,,,,,,,-20.0,5.0,,,,,,,,,,,,,,,,,
2021-11-23,,,,,,,,,,,,-37.0,-7.0,,,,,,,,,,,,,,,,,
2021-11-24,,,,,,,,,,,,-34.0,-3.0,,,,,,,,,,,,,,,,,
2021-11-25,,,,,,,,,,,,-30.0,-6.0,,,,,,,,,,,,,,,,,
2021-11-26,,,,,,,,,,,,-31.0,0.0,,,,,,,,,,,,,,,,,
2021-11-29,,,,,,,,,,,,-30.0,9.0,,,,,,,,,,,,,,,,,
2021-11-30,,,,,,,,,,,,-35.0,12.0,,,,,,,,,,,,,,,,,
2021-12-01,,,,,,,,,,,,-38.0,21.0,,,,,,,,,,,,,,,,,
2021-12-02,,,,,,,,,,,,-42.0,29.0,,,,,,,,,,,,,,,,,
2021-12-03,,,,,,,,,,,,-41.0,17.0,,,,,,,,,,,,,,,,,
2021-12-06,,,,,,,,,,,,-41.0,4.0,,,,,,,,,,,,,,,,,
2021-12-07,,,,,,,,,,,,-48.0,10.0,,,,,,,,,,,,,,,,,
2021-12-08,,,,,,,,,,,,-51.0,14.0,,,,,,,,,,,,,,,,,
2021-12-09,,,,,,,,,,,,-46.0,9.0,,,,,,,,,,,,,,,,,
2021-12-10,,,,,,,,,,,,-51.0,15.0,,,,,,,,,,,,,,,,,
2021-12-13,,,,,,,,,,,,-55.0,16.0,,,,,,,,,,,,,,,,,
2021-12-14,,,,,,,,,,,,-52.0,22.0,,,,,,,,,,,,,,,,,
2021-12-15,,,,,,,,,,,,-57.0,25.0,,,,,,,,,,,,,,,,,
2021-12-16,,,,,,,,,,,,-54.0,16.0,,,,,,,,,,,,,,,,,
2021-12-17,,,,,,,,,,,,-57.0,22.0,,,,,,,,,,,,,,,,,
2021-12-20,,,,,,,,,,,,-61.0,20.0,,,,,,,,,,,,,,,,,
2021-12-21,,,,,,,,,,,,-62.0,17.0,,,,,,,,,,,,,,,,,
2021-12-22,,,,,,,,,,,,-58.0,12.0,,,,,,,,,,,,,,,,,
2021-12-23,,,,,,,,,,,,-72.0,21.0,,,,,,,,,,,,,,,,,
2021-12-24,,,,,,,,,,,,-70.0,12.0,,,,,,,,,,,,,,,,,
2021-12-27,,,,,,,,,,,,-70.0,14.0,,,,,,,,,,,,,,,,,
2021-12-28,,,,,,,,,,,,-74.0,10.0,,,,,,,,,,,,,,,,,
2021-12-29,,,,,,,,,,,,-69.0,3.0,,,,,,,,,,,,,,,,,
2021-12-30,,,,,,,,,,,,-79.0,10.0,,,,,,,,,,,,,,,,,
2021-12-31,,,,,,,,,,,,-72.0,1.0,,,,,,,,,,,,,,,,,
2022-01-04,,,,,,,,,,,,-84.0,8.0,,,,,,,,,,,,,,,,,
2022-01-05,,,,,,,,,,,,-77.0,-3.0,,,,,,,,,,,,,,,,,
2022-01-06,,,,,,,,,,,,-41.0,-18.0,,,,,,,,,,,,,,,,,
2022-01-07,,,,,,,,,,,,-50.0,-13.0,,,,,,,,,,,,,,,,,
2022-01-10,,,,,,,,,,,,-52.0,-14.0,,,,,,,,,,,,,,,,,
2022-01-11,,,,,,,,,,,,-66.0,-12.0,,,,,,,,,,,,,,,,,
2022-01-12,,,,,,,,,,,,-72.0,-5.0,,,,,,,,,,,,,,,,,
2022-01-13,,,,,,,,,,,,-67.0,-2.0,,,,,,,,,,,,,,,,,
2022-01-14,,,,,,,,,,,,-110.0,4.0,,,,,,,,,,,,,,,,,
2022-01-17,,,,,,,,,,,,,2.0,,,,,,,,,,,,,,,,,
2022-01-18,,,,,,,,,,,,,-3.0,37.0,,,,,,,,,,,,,,,,
2022-01-19,,,,,,,,,,,,,-1.0,49.0,,,,,,,,,,,,,,,,
2022-01-20,,,,,,,,,,,,,3.0,54.0,,,,,,,,,,,,,,,,
2022-01-21,,,,,,,,,,,,,-4.0,57.0,,,,,,,,,,,,,,,,
2022-01-24,,,,,,,,,,,,,-1.0,56.0,,,,,,,,,,,,,,,,
2022-01-25,,,,,,,,,,,,,-3.0,92.0,,,,,,,,,,,,,,,,
2022-01-26,,,,,,,,,,,,,2.0,105.0,,,,,,,,,,,,,,,,
2022-01-27,,,,,,,,,,,,,-6.0,106.0,,,,,,,,,,,,,,,,
2022-01-28,,,,,,,,,,,,,-4.0,116.0,,,,,,,,,,,,,,,,
2022-02-07,,,,,,,,,,,,,-11.0,99.0,,,,,,,,,,,,,,,,
2022-02-08,,,,,,,,,,,,,-3.0,124.0,,,,,,,,,,,,,,,,
2022-02-09,,,,,,,,,,,,,-11.0,125.0,,,,,,,,,,,,,,,,
2022-02-10,,,,,,,,,,,,,-11.0,129.0,,,,,,,,,,,,,,,,
2022-02-11,,,,,,,,,,,,,-19.0,118.0,,,,,,,,,,,,,,,,
2022-02-14,,,,,,,,,,,,,-24.0,113.0,,,,,,,,,,,,,,,,
2022-02-15,,,,,,,,,,,,,-26.0,117.0,,,,,,,,,,,,,,,,
2022-02-16,,,,,,,,,,,,,-29.0,111.0,,,,,,,,,,,,,,,,
2022-02-17,,,,,,,,,,,,,-23.0,98.0,,,,,,,,,,,,,,,,
2022-02-18,,,,,,,,,,,,,-27.0,94.0,,,,,,,,,,,,,,,,
2022-02-21,,,,,,,,,,,,,-29.0,78.0,,,,,,,,,,,,,,,,
2022-02-22,,,,,,,,,,,,,-29.0,78.0,,,,,,,,,,,,,,,,
2022-02-23,,,,,,,,,,,,,-30.0,71.0,,,,,,,,,,,,,,,,
2022-02-24,,,,,,,,,,,,,-28.0,50.0,,,,,,,,,,,,,,,,
2022-02-25,,,,,,,,,,,,,-31.0,51.0,,,,,,,,,,,,,,,,
2022-02-28,,,,,,,,,,,,,-36.0,53.0,,,,,,,,,,,,,,,,
2022-03-01,,,,,,,,,,,,,-48.0,56.0,,,,,,,,,,,,,,,,
2022-03-02,,,,,,,,,,,,,-41.0,71.0,,,,,,,,,,,,,,,,
2022-03-03,,,,,,,,,,,,,-42.0,76.0,,,,,,,,,,,,,,,,
2022-03-04,,,,,,,,,,,,,-43.0,78.0,,,,,,,,,,,,,,,,
2022-03-07,,,,,,,,,,,,,-54.0,105.0,,,,,,,,,,,,,,,,
2022-03-08,,,,,,,,,,,,,-66.0,91.0,,,,,,,,,,,,,,,,
2022-03-09,,,,,,,,,,,,,-54.0,71.0,,,,,,,,,,,,,,,,
2022-03-10,,,,,,,,,,,,,-57.0,54.0,,,,,,,,,,,,,,,,
2022-03-11,,,,,,,,,,,,,-62.0,65.0,,,,,,,,,,,,,,,,
2022-03-14,,,,,,,,,,,,,-63.0,65.0,,,,,,,,,,,,,,,,
2022-03-15,,,,,,,,,,,,,-67.0,67.0,,,,,,,,,,,,,,,,
2022-03-16,,,,,,,,,,,,,-70.0,73.0,,,,,,,,,,,,,,,,
2022-03-17,,,,,,,,,,,,,-68.0,68.0,,,,,,,,,,,,,,,,
2022-03-18,,,,,,,,,,,,,-66.0,77.0,,,,,,,,,,,,,,,,
2022-03-21,,,,,,,,,,,,,-67.0,61.0,,,,,,,,,,,,,,,,
2022-03-22,,,,,,,,,,,,,-72.0,46.0,,,,,,,,,,,,,,,,
2022-03-23,,,,,,,,,,,,,-72.0,50.0,,,,,,,,,,,,,,,,
2022-03-24,,,,,,,,,,,,,-74.0,40.0,,,,,,,,,,,,,,,,
2022-03-25,,,,,,,,,,,,,-80.0,27.0,,,,,,,,,,,,,,,,
2022-03-28,,,,,,,,,,,,,-87.0,-7.0,,,,,,,,,,,,,,,,
2022-03-29,,,,,,,,,,,,,-88.0,-2.0,,,,,,,,,,,,,,,,
2022-03-30,,,,,,,,,,,,,-84.0,3.0,,,,,,,,,,,,,,,,
2022-03-31,,,,,,,,,,,,,-77.0,-3.0,,,,,,,,,,,,,,,,
2022-04-01,,,,,,,,,,,,,-68.0,10.0,,,,,,,,,,,,,,,,
2022-04-06,,,,,,,,,,,,,-90.0,22.0,,,,,,,,,,,,,,,,
2022-04-07,,,,,,,,,,,,,-85.0,12.0,,,,,,,,,,,,,,,,
2022-04-08,,,,,,,,,,,,,-78.0,-1.0,,,,,,,,,,,,,,,,
2022-04-11,,,,,,,,,,,,,-77.0,-7.0,,,,,,,,,,,,,,,,
2022-04-12,,,,,,,,,,,,,-82.0,-5.0,,,,,,,,,,,,,,,,
2022-04-13,,,,,,,,,,,,,-84.0,-9.0,,,,,,,,,,,,,,,,
2022-04-14,,,,,,,,,,,,,-90.0,-6.0,,,,,,,,,,,,,,,,
2022-04-15,,,,,,,,,,,,,-95.0,9.0,,,,,,,,,,,,,,,,
2022-04-18,,,,,,,,,,,,,-97.0,4.0,,,,,,,,,,,,,,,,
2022-04-19,,,,,,,,,,,,,-104.0,7.0,,,,,,,,,,,,,,,,
2022-04-20,,,,,,,,,,,,,-106.0,-3.0,,,,,,,,,,,,,,,,
2022-04-21,,,,,,,,,,,,,-105.0,0.0,,,,,,,,,,,,,,,,
2022-04-22,,,,,,,,,,,,,-108.0,-8.0,,,,,,,,,,,,,,,,
2022-04-25,,,,,,,,,,,,,-108.0,-12.0,,,,,,,,,,,,,,,,
2022-04-26,,,,,,,,,,,,,-116.0,-7.0,,,,,,,,,,,,,,,,
2022-04-27,,,,,,,,,,,,,-115.0,-1.0,,,,,,,,,,,,,,,,
2022-04-28,,,,,,,,,,,,,-124.0,16.0,,,,,,,,,,,,,,,,
2022-04-29,,,,,,,,,,,,,-101.0,18.0,,,,,,,,,,,,,,,,
2022-05-05,,,,,,,,,,,,,-106.0,23.0,,,,,,,,,,,,,,,,
2022-05-06,,,,,,,,,,,,,-101.0,31.0,,,,,,,,,,,,,,,,
2022-05-09,,,,,,,,,,,,,-86.0,34.0,,,,,,,,,,,,,,,,
2022-05-10,,,,,,,,,,,,,-82.0,16.0,,,,,,,,,,,,,,,,
2022-05-11,,,,,,,,,,,,,-92.0,25.0,,,,,,,,,,,,,,,,
2022-05-12,,,,,,,,,,,,,-82.0,22.0,,,,,,,,,,,,,,,,
2022-05-13,,,,,,,,,,,,,-103.0,25.0,,,,,,,,,,,,,,,,
2022-05-16,,,,,,,,,,,,,-104.0,18.0,,,,,,,,,,,,,,,,
2022-05-17,,,,,,,,,,,,,-96.0,16.0,,,,,,,,,,,,,,,,
2022-05-18,,,,,,,,,,,,,,16.0,,,,,,,,,,,,,,,,
2022-05-19,,,,,,,,,,,,,,17.0,-20.0,-37.0,,,,,,,,,,,,,,
2022-05-20,,,,,,,,,,,,,,15.0,-15.0,-30.0,,,,,,,,,,,,,,
2022-05-23,,,,,,,,,,,,,,1.0,-40.0,-41.0,,,,,,,,,,,,,,
2022-05-24,,,,,,,,,,,,,,-6.0,-53.0,-47.0,,,,,,,,,,,,,,
2022-05-25,,,,,,,,,,,,,,-11.0,-33.0,-22.0,,,,,,,,,,,,,,
2022-05-26,,,,,,,,,,,,,,-4.0,-40.0,-36.0,,,,,,,,,,,,,,
2022-05-27,,,,,,,,,,,,,,-3.0,-42.0,-39.0,,,,,,,,,,,,,,
2022-05-30,,,,,,,,,,,,,,-9.0,-45.0,-36.0,,,,,,,,,,,,,,
2022-05-31,,,,,,,,,,,,,,-14.0,-49.0,-35.0,,,,,,,,,,,,,,
2022-06-01,,,,,,,,,,,,,,-25.0,-68.0,-43.0,,,,,,,,,,,,,,
2022-06-02,,,,,,,,,,,,,,-14.0,-66.0,-52.0,,,,,,,,,,,,,,
2022-06-06,,,,,,,,,,,,,,-8.0,-45.0,-37.0,,,,,,,,,,,,,,
2022-06-07,,,,,,,,,,,,,,-8.0,-46.0,-38.0,,,,,,,,,,,,,,
2022-06-08,,,,,,,,,,,,,,-15.0,-57.0,-42.0,,,,,,,,,,,,,,
2022-06-09,,,,,,,,,,,,,,-25.0,-77.0,-52.0,,,,,,,,,,,,,,
2022-06-10,,,,,,,,,,,,,,-22.0,-72.0,-50.0,,,,,,,,,,,,,,
2022-06-13,,,,,,,,,,,,,,-21.0,-58.0,-37.0,,,,,,,,,,,,,,
2022-06-14,,,,,,,,,,,,,,-30.0,-64.0,-34.0,,,,,,,,,,,,,,
2022-06-15,,,,,,,,,,,,,,-29.0,-64.0,-35.0,,,,,,,,,,,,,,
2022-06-16,,,,,,,,,,,,,,-22.0,-56.0,-34.0,,,,,,,,,,,,,,
2022-06-17,,,,,,,,,,,,,,-21.0,-55.0,-34.0,,,,,,,,,,,,,,
2022-06-20,,,,,,,,,,,,,,-18.0,-49.0,-31.0,,,,,,,,,,,,,,
2022-06-21,,,,,,,,,,,,,,-17.0,-51.0,-34.0,,,,,,,,,,,,,,
2022-06-22,,,,,,,,,,,,,,10.0,-31.0,-41.0,,,,,,,,,,,,,,
2022-06-23,,,,,,,,,,,,,,-9.0,-45.0,-36.0,,,,,,,,,,,,,,
2022-06-24,,,,,,,,,,,,,,-1.0,-38.0,-37.0,,,,,,,,,,,,,,
2022-06-27,,,,,,,,,,,,,,-4.0,-39.0,-35.0,,,,,,,,,,,,,,
2022-06-28,,,,,,,,,,,,,,-6.0,-42.0,-36.0,,,,,,,,,,,,,,
2022-06-29,,,,,,,,,,,,,,-10.0,-43.0,-33.0,,,,,,,,,,,,,,
2022-06-30,,,,,,,,,,,,,,-19.0,-61.0,-42.0,,,,,,,,,,,,,,
2022-07-01,,,,,,,,,,,,,,-27.0,-69.0,-42.0,,,,,,,,,,,,,,
2022-07-04,,,,,,,,,,,,,,-18.0,-60.0,-42.0,,,,,,,,,,,,,,
2022-07-05,,,,,,,,,,,,,,-17.0,-63.0,-46.0,,,,,,,,,,,,,,
2022-07-06,,,,,,,,,,,,,,-14.0,-51.0,-37.0,,,,,,,,,,,,,,
2022-07-07,,,,,,,,,,,,,,-12.0,-59.0,-47.0,,,,,,,,,,,,,,
2022-07-08,,,,,,,,,,,,,,-11.0,-52.0,-41.0,,,,,,,,,,,,,,
2022-07-11,,,,,,,,,,,,,,-14.0,-48.0,-34.0,,,,,,,,,,,,,,
2022-07-12,,,,,,,,,,,,,,-13.0,-59.0,-46.0,,,,,,,,,,,,,,
2022-07-13,,,,,,,,,,,,,,-7.0,-47.0,-40.0,,,,,,,,,,,,,,
2022-07-14,,,,,,,,,,,,,,-14.0,-51.0,-37.0,,,,,,,,,,,,,,
2022-07-15,,,,,,,,,,,,,,-17.0,-53.0,-36.0,,,,,,,,,,,,,,
2022-07-18,,,,,,,,,,,,,,-21.0,-59.0,-38.0,,,,,,,,,,,,,,
2022-07-19,,,,,,,,,,,,,,-52.0,-115.0,-63.0,,,,,,,,,,,,,,
2022-07-20,,,,,,,,,,,,,,-47.0,-101.0,-54.0,,,,,,,,,,,,,,
2022-07-21,,,,,,,,,,,,,,-44.0,-102.0,-58.0,,,,,,,,,,,,,,
2022-07-22,,,,,,,,,,,,,,-37.0,-103.0,-66.0,,,,,,,,,,,,,,
2022-07-25,,,,,,,,,,,,,,-43.0,-95.0,-52.0,,,,,,,,,,,,,,
2022-07-26,,,,,,,,,,,,,,-51.0,-105.0,-54.0,,,,,,,,,,,,,,
2022-07-27,,,,,,,,,,,,,,-43.0,-88.0,-45.0,,,,,,,,,,,,,,
2022-07-28,,,,,,,,,,,,,,-42.0,-94.0,-52.0,,,,,,,,,,,,,,
2022-07-29,,,,,,,,,,,,,,-48.0,-104.0,-56.0,,,,,,,,,,,,,,
2022-08-01,,,,,,,,,,,,,,-59.0,-115.0,-56.0,,,,,,,,,,,,,,
2022-08-02,,,,,,,,,,,,,,-49.0,-100.0,-51.0,,,,,,,,,,,,,,
2022-08-03,,,,,,,,,,,,,,-53.0,-113.0,-60.0,,,,,,,,,,,,,,
2022-08-04,,,,,,,,,,,,,,-51.0,-116.0,-65.0,,,,,,,,,,,,,,
2022-08-05,,,,,,,,,,,,,,-45.0,-101.0,-56.0,,,,,,,,,,,,,,
2022-08-08,,,,,,,,,,,,,,-44.0,-105.0,-61.0,,,,,,,,,,,,,,
2022-08-09,,,,,,,,,,,,,,-24.0,-83.0,-59.0,,,,,,,,,,,,,,
2022-08-10,,,,,,,,,,,,,,-18.0,-61.0,-43.0,,,,,,,,,,,,,,
2022-08-11,,,,,,,,,,,,,,-18.0,-65.0,-47.0,,,,,,,,,,,,,,
2022-08-12,,,,,,,,,,,,,,-18.0,-65.0,-47.0,,,,,,,,,,,,,,
2022-08-15,,,,,,,,,,,,,,-23.0,-67.0,-44.0,,,,,,,,,,,,,,
2022-08-16,,,,,,,,,,,,,,-44.0,-84.0,-40.0,,,,,,,,,,,,,,
2022-08-17,,,,,,,,,,,,,,-34.0,-84.0,-50.0,,,,,,,,,,,,,,
2022-08-18,,,,,,,,,,,,,,-33.0,-70.0,-37.0,,,,,,,,,,,,,,
2022-08-19,,,,,,,,,,,,,,-28.0,-77.0,-49.0,,,,,,,,,,,,,,
2022-08-22,,,,,,,,,,,,,,-22.0,-72.0,-50.0,,,,,,,,,,,,,,
2022-08-23,,,,,,,,,,,,,,-43.0,-84.0,-41.0,,,,,,,,,,,,,,
2022-08-24,,,,,,,,,,,,,,-32.0,-76.0,-44.0,,,,,,,,,,,,,,
2022-08-25,,,,,,,,,,,,,,-6.0,-55.0,-49.0,,,,,,,,,,,,,,
2022-08-26,,,,,,,,,,,,,,-8.0,-57.0,-49.0,,,,,,,,,,,,,,
2022-08-29,,,,,,,,,,,,,,-63.0,-105.0,-42.0,,,,,,,,,,,,,,
2022-08-30,,,,,,,,,,,,,,-64.0,-111.0,-47.0,,,,,,,,,,,,,,
2022-08-31,,,,,,,,,,,,,,-46.0,-94.0,-48.0,,,,,,,,,,,,,,
2022-09-01,,,,,,,,,,,,,,-49.0,-97.0,-48.0,,,,,,,,,,,,,,
2022-09-02,,,,,,,,,,,,,,-73.0,-122.0,-49.0,,,,,,,,,,,,,,
2022-09-05,,,,,,,,,,,,,,-62.0,-109.0,-47.0,,,,,,,,,,,,,,
2022-09-06,,,,,,,,,,,,,,-72.0,-115.0,-43.0,,,,,,,,,,,,,,
2022-09-07,,,,,,,,,,,,,,-62.0,-112.0,-50.0,,,,,,,,,,,,,,
2022-09-08,,,,,,,,,,,,,,-79.0,-139.0,-60.0,,,,,,,,,,,,,,
2022-09-09,,,,,,,,,,,,,,-58.0,-115.0,-57.0,,,,,,,,,,,,,,
2022-09-13,,,,,,,,,,,,,,-60.0,-127.0,-67.0,,,,,,,,,,,,,,
2022-09-14,,,,,,,,,,,,,,-64.0,-128.0,-64.0,,,,,,,,,,,,,,
2022-09-15,,,,,,,,,,,,,,,,-53.0,,,,,,,,,,,,,,
2022-09-16,,,,,,,,,,,,,,,,-58.0,-22.0,,,,,,,,,,,,,
2022-09-19,,,,,,,,,,,,,,,,-63.0,-14.0,,,,,,,,,,,,,
2022-09-20,,,,,,,,,,,,,,,,-66.0,-19.0,,,,,,,,,,,,,
2022-09-21,,,,,,,,,,,,,,,,-64.0,-20.0,,,,,,,,,,,,,
2022-09-22,,,,,,,,,,,,,,,,-62.0,-21.0,,,,,,,,,,,,,
2022-09-23,,,,,,,,,,,,,,,,-70.0,-22.0,,,,,,,,,,,,,
2022-09-26,,,,,,,,,,,,,,,,-70.0,-37.0,,,,,,,,,,,,,
2022-09-27,,,,,,,,,,,,,,,,-75.0,-28.0,,,,,,,,,,,,,
2022-09-28,,,,,,,,,,,,,,,,-75.0,-28.0,,,,,,,,,,,,,
2022-09-29,,,,,,,,,,,,,,,,-68.0,-31.0,,,,,,,,,,,,,
2022-09-30,,,,,,,,,,,,,,,,-62.0,-31.0,,,,,,,,,,,,,
2022-10-10,,,,,,,,,,,,,,,,-56.0,-17.0,,,,,,,,,,,,,
2022-10-11,,,,,,,,,,,,,,,,-55.0,-23.0,,,,,,,,,,,,,
2022-10-12,,,,,,,,,,,,,,,,-55.0,-20.0,,,,,,,,,,,,,
2022-10-13,,,,,,,,,,,,,,,,-57.0,-19.0,,,,,,,,,,,,,
2022-10-14,,,,,,,,,,,,,,,,-58.0,-16.0,,,,,,,,,,,,,
2022-10-17,,,,,,,,,,,,,,,,-60.0,-18.0,,,,,,,,,,,,,
2022-10-18,,,,,,,,,,,,,,,,-64.0,-12.0,,,,,,,,,,,,,
2022-10-19,,,,,,,,,,,,,,,,-65.0,-14.0,,,,,,,,,,,,,
2022-10-20,,,,,,,,,,,,,,,,-61.0,-13.0,,,,,,,,,,,,,
2022-10-21,,,,,,,,,,,,,,,,-62.0,-10.0,,,,,,,,,,,,,
2022-10-24,,,,,,,,,,,,,,,,-61.0,-12.0,,,,,,,,,,,,,
2022-10-25,,,,,,,,,,,,,,,,-66.0,-15.0,,,,,,,,,,,,,
2022-10-26,,,,,,,,,,,,,,,,-57.0,-21.0,,,,,,,,,,,,,
2022-10-27,,,,,,,,,,,,,,,,-59.0,-14.0,,,,,,,,,,,,,
2022-10-28,,,,,,,,,,,,,,,,-59.0,-12.0,,,,,,,,,,,,,
2022-10-31,,,,,,,,,,,,,,,,-54.0,-10.0,,,,,,,,,,,,,
2022-11-01,,,,,,,,,,,,,,,,-53.0,-14.0,,,,,,,,,,,,,
2022-11-02,,,,,,,,,,,,,,,,-57.0,-20.0,,,,,,,,,,,,,
2022-11-03,,,,,,,,,,,,,,,,-59.0,-20.0,,,,,,,,,,,,,
2022-11-04,,,,,,,,,,,,,,,,-53.0,-16.0,,,,,,,,,,,,,
2022-11-07,,,,,,,,,,,,,,,,-54.0,-8.0,,,,,,,,,,,,,
2022-11-08,,,,,,,,,,,,,,,,-53.0,-9.0,,,,,,,,,,,,,
2022-11-09,,,,,,,,,,,,,,,,-54.0,-7.0,,,,,,,,,,,,,
2022-11-10,,,,,,,,,,,,,,,,-56.0,-8.0,,,,,,,,,,,,,
2022-11-11,,,,,,,,,,,,,,,,-56.0,-1.0,,,,,,,,,,,,,
2022-11-14,,,,,,,,,,,,,,,,-55.0,-6.0,,,,,,,,,,,,,
2022-11-15,,,,,,,,,,,,,,,,-59.0,1.0,,,,,,,,,,,,,
2022-11-16,,,,,,,,,,,,,,,,-57.0,-2.0,,,,,,,,,,,,,
2022-11-17,,,,,,,,,,,,,,,,-58.0,-4.0,,,,,,,,,,,,,
2022-11-18,,,,,,,,,,,,,,,,-58.0,-2.0,,,,,,,,,,,,,
2022-11-21,,,,,,,,,,,,,,,,-41.0,-1.0,,,,,,,,,,,,,
2022-11-22,,,,,,,,,,,,,,,,-36.0,5.0,,,,,,,,,,,,,
2022-11-23,,,,,,,,,,,,,,,,-22.0,20.0,,,,,,,,,,,,,
2022-11-24,,,,,,,,,,,,,,,,-7.0,11.0,,,,,,,,,,,,,
2022-11-25,,,,,,,,,,,,,,,,4.0,34.0,,,,,,,,,,,,,
2022-11-28,,,,,,,,,,,,,,,,11.0,37.0,,,,,,,,,,,,,
2022-11-29,,,,,,,,,,,,,,,,-1.0,31.0,,,,,,,,,,,,,
2022-11-30,,,,,,,,,,,,,,,,11.0,20.0,,,,,,,,,,,,,
2022-12-01,,,,,,,,,,,,,,,,2.0,15.0,,,,,,,,,,,,,
2022-12-02,,,,,,,,,,,,,,,,12.0,22.0,,,,,,,,,,,,,
2022-12-05,,,,,,,,,,,,,,,,15.0,9.0,,,,,,,,,,,,,
2022-12-06,,,,,,,,,,,,,,,,32.0,-1.0,,,,,,,,,,,,,
2022-12-07,,,,,,,,,,,,,,,,29.0,6.0,,,,,,,,,,,,,
2022-12-08,,,,,,,,,,,,,,,,21.0,-2.0,,,,,,,,,,,,,
2022-12-09,,,,,,,,,,,,,,,,9.0,2.0,,,,,,,,,,,,,
2022-12-12,,,,,,,,,,,,,,,,15.0,4.0,,,,,,,,,,,,,
2022-12-13,,,,,,,,,,,,,,,,13.0,13.0,,,,,,,,,,,,,
2022-12-14,,,,,,,,,,,,,,,,17.0,2.0,,,,,,,,,,,,,
2022-12-15,,,,,,,,,,,,,,,,26.0,2.0,,,,,,,,,,,,,
2022-12-16,,,,,,,,,,,,,,,,16.0,7.0,,,,,,,,,,,,,
2022-12-19,,,,,,,,,,,,,,,,28.0,-1.0,,,,,,,,,,,,,
2022-12-20,,,,,,,,,,,,,,,,29.0,7.0,,,,,,,,,,,,,
2022-12-21,,,,,,,,,,,,,,,,20.0,12.0,,,,,,,,,,,,,
2022-12-22,,,,,,,,,,,,,,,,16.0,9.0,,,,,,,,,,,,,
2022-12-23,,,,,,,,,,,,,,,,12.0,12.0,,,,,,,,,,,,,
2022-12-26,,,,,,,,,,,,,,,,-10.0,20.0,,,,,,,,,,,,,
2022-12-27,,,,,,,,,,,,,,,,-23.0,24.0,,,,,,,,,,,,,
2022-12-28,,,,,,,,,,,,,,,,-46.0,34.0,,,,,,,,,,,,,
2022-12-29,,,,,,,,,,,,,,,,-33.0,25.0,,,,,,,,,,,,,
2022-12-30,,,,,,,,,,,,,,,,-40.0,31.0,,,,,,,,,,,,,
2023-01-03,,,,,,,,,,,,,,,,-27.0,33.0,,,,,,,,,,,,,
2023-01-04,,,,,,,,,,,,,,,,-20.0,33.0,,,,,,,,,,,,,
2023-01-05,,,,,,,,,,,,,,,,-37.0,41.0,,,,,,,,,,,,,
2023-01-06,,,,,,,,,,,,,,,,-19.0,41.0,,,,,,,,,,,,,
2023-01-09,,,,,,,,,,,,,,,,-24.0,39.0,,,,,,,,,,,,,
2023-01-10,,,,,,,,,,,,,,,,,43.0,,,,,,,,,,,,,
2023-01-11,,,,,,,,,,,,,,,,,39.0,,,,,,,,,,,,,
2023-01-12,,,,,,,,,,,,,,,,,40.0,,,,,,,,,,,,,
2023-01-13,,,,,,,,,,,,,,,,-5.0,42.0,,,,,,,,,,,,,
2023-01-16,,,,,,,,,,,,,,,,,38.0,,,,,,,,,,,,,
2023-01-17,,,,,,,,,,,,,,,,,39.0,53.0,,,,,,,,,,,,
2023-01-18,,,,,,,,,,,,,,,,,41.0,54.0,,,,,,,,,,,,
2023-01-19,,,,,,,,,,,,,,,,,40.0,52.0,,,,,,,,,,,,
2023-01-20,,,,,,,,,,,,,,,,,39.0,64.0,,,,,,,,,,,,
2023-01-30,,,,,,,,,,,,,,,,,45.0,77.0,,,,,,,,,,,,
2023-01-31,,,,,,,,,,,,,,,,,28.0,72.0,,,,,,,,,,,,
2023-02-01,,,,,,,,,,,,,,,,,27.0,62.0,,,,,,,,,,,,
2023-02-02,,,,,,,,,,,,,,,,,29.0,63.0,,,,,,,,,,,,
2023-02-03,,,,,,,,,,,,,,,,,28.0,64.0,,,,,,,,,,,,
2023-02-06,,,,,,,,,,,,,,,,,21.0,47.0,,,,,,,,,,,,
2023-02-07,,,,,,,,,,,,,,,,,21.0,47.0,,,,,,,,,,,,
2023-02-08,,,,,,,,,,,,,,,,,22.0,50.0,,,,,,,,,,,,
2023-02-09,,,,,,,,,,,,,,,,,12.0,47.0,,,,,,,,,,,,
2023-02-10,,,,,,,,,,,,,,,,,11.0,46.0,,,,,,,,,,,,
2023-02-13,,,,,,,,,,,,,,,,,19.0,56.0,,,,,,,,,,,,
2023-02-14,,,,,,,,,,,,,,,,,24.0,61.0,,,,,,,,,,,,
2023-02-15,,,,,,,,,,,,,,,,,26.0,61.0,,,,,,,,,,,,
2023-02-16,,,,,,,,,,,,,,,,,30.0,64.0,,,,,,,,,,,,
2023-02-17,,,,,,,,,,,,,,,,,35.0,68.0,,,,,,,,,,,,
2023-02-20,,,,,,,,,,,,,,,,,40.0,71.0,,,,,,,,,,,,
2023-02-21,,,,,,,,,,,,,,,,,39.0,67.0,,,,,,,,,,,,
2023-02-22,,,,,,,,,,,,,,,,,38.0,68.0,,,,,,,,,,,,
2023-02-23,,,,,,,,,,,,,,,,,36.0,60.0,,,,,,,,,,,,
2023-02-24,,,,,,,,,,,,,,,,,36.0,64.0,,,,,,,,,,,,
2023-02-27,,,,,,,,,,,,,,,,,30.0,69.0,,,,,,,,,,,,
2023-02-28,,,,,,,,,,,,,,,,,31.0,72.0,,,,,,,,,,,,
2023-03-01,,,,,,,,,,,,,,,,,35.0,77.0,,,,,,,,,,,,
2023-03-02,,,,,,,,,,,,,,,,,36.0,87.0,,,,,,,,,,,,
2023-03-03,,,,,,,,,,,,,,,,,33.0,76.0,,,,,,,,,,,,
2023-03-06,,,,,,,,,,,,,,,,,20.0,78.0,,,,,,,,,,,,
2023-03-07,,,,,,,,,,,,,,,,,31.0,81.0,,,,,,,,,,,,
2023-03-08,,,,,,,,,,,,,,,,,35.0,81.0,,,,,,,,,,,,
2023-03-09,,,,,,,,,,,,,,,,,32.0,80.0,,,,,,,,,,,,
2023-03-10,,,,,,,,,,,,,,,,,29.0,83.0,,,,,,,,,,,,
2023-03-13,,,,,,,,,,,,,,,,,31.0,82.0,,,,,,,,,,,,
2023-03-14,,,,,,,,,,,,,,,,,27.0,78.0,,,,,,,,,,,,
2023-03-15,,,,,,,,,,,,,,,,,33.0,68.0,,,,,,,,,,,,
2023-03-16,,,,,,,,,,,,,,,,,33.0,63.0,,,,,,,,,,,,
2023-03-17,,,,,,,,,,,,,,,,,34.0,68.0,,,,,,,,,,,,
2023-03-20,,,,,,,,,,,,,,,,,39.0,77.0,,,,,,,,,,,,
2023-03-21,,,,,,,,,,,,,,,,,27.0,60.0,,,,,,,,,,,,
2023-03-22,,,,,,,,,,,,,,,,,16.0,64.0,,,,,,,,,,,,
2023-03-23,,,,,,,,,,,,,,,,,24.0,63.0,,,,,,,,,,,,
2023-03-24,,,,,,,,,,,,,,,,,28.0,48.0,,,,,,,,,,,,
2023-03-27,,,,,,,,,,,,,,,,,34.0,32.0,,,,,,,,,,,,
2023-03-28,,,,,,,,,,,,,,,,,30.0,37.0,,,,,,,,,,,,
2023-03-29,,,,,,,,,,,,,,,,,36.0,33.0,,,,,,,,,,,,
2023-03-30,,,,,,,,,,,,,,,,,45.0,33.0,,,,,,,,,,,,
2023-03-31,,,,,,,,,,,,,,,,,38.0,24.0,,,,,,,,,,,,
2023-04-03,,,,,,,,,,,,,,,,,30.0,26.0,,,,,,,,,,,,
2023-04-04,,,,,,,,,,,,,,,,,38.0,16.0,,,,,,,,,,,,
2023-04-06,,,,,,,,,,,,,,,,,28.0,14.0,,,,,,,,,,,,
2023-04-07,,,,,,,,,,,,,,,,,20.0,27.0,,,,,,,,,,,,
2023-04-10,,,,,,,,,,,,,,,,,12.0,45.0,,,,,,,,,,,,
2023-04-11,,,,,,,,,,,,,,,,,6.0,51.0,,,,,,,,,,,,
2023-04-12,,,,,,,,,,,,,,,,,13.0,44.0,,,,,,,,,,,,
2023-04-13,,,,,,,,,,,,,,,,,10.0,49.0,,,,,,,,,,,,
2023-04-14,,,,,,,,,,,,,,,,,6.0,49.0,,,,,,,,,,,,
2023-04-17,,,,,,,,,,,,,,,,,3.0,40.0,,,,,,,,,,,,
2023-04-18,,,,,,,,,,,,,,,,,-1.0,46.0,,,,,,,,,,,,
2023-04-19,,,,,,,,,,,,,,,,,-12.0,46.0,,,,,,,,,,,,
2023-04-20,,,,,,,,,,,,,,,,,-14.0,32.0,,,,,,,,,,,,
2023-04-21,,,,,,,,,,,,,,,,,-12.0,8.0,,,,,,,,,,,,
2023-04-24,,,,,,,,,,,,,,,,,-13.0,21.0,,,,,,,,,,,,
2023-04-25,,,,,,,,,,,,,,,,,-16.0,32.0,,,,,,,,,,,,
2023-04-26,,,,,,,,,,,,,,,,,-25.0,47.0,,,,,,,,,,,,
2023-04-27,,,,,,,,,,,,,,,,,-25.0,60.0,,,,,,,,,,,,
2023-04-28,,,,,,,,,,,,,,,,,-21.0,60.0,,,,,,,,,,,,
2023-05-04,,,,,,,,,,,,,,,,,-24.0,68.0,,,,,,,,,,,,
2023-05-05,,,,,,,,,,,,,,,,,-10.0,73.0,,,,,,,,,,,,
2023-05-08,,,,,,,,,,,,,,,,,-7.0,69.0,,,,,,,,,,,,
2023-05-09,,,,,,,,,,,,,,,,,7.0,71.0,,,,,,,,,,,,
2023-05-10,,,,,,,,,,,,,,,,,9.0,68.0,,,,,,,,,,,,
2023-05-11,,,,,,,,,,,,,,,,,,66.0,,,,,,,,,,,,
2023-05-12,,,,,,,,,,,,,,,,,,49.0,,,,,,,,,,,,
2023-05-15,,,,,,,,,,,,,,,,,1.0,50.0,,,,,,,,,,,,
2023-05-16,,,,,,,,,,,,,,,,,,62.0,,,,,,,,,,,,
2023-05-17,,,,,,,,,,,,,,,,,,54.0,,,,,,,,,,,,
2023-05-18,,,,,,,,,,,,,,,,,,52.0,61.0,9.0,,,,,,,,,,
2023-05-19,,,,,,,,,,,,,,,,,,50.0,58.0,8.0,,,,,,,,,,
2023-05-22,,,,,,,,,,,,,,,,,,46.0,58.0,12.0,,,,,,,,,,
2023-05-23,,,,,,,,,,,,,,,,,,65.0,77.0,12.0,,,,,,,,,,
2023-05-24,,,,,,,,,,,,,,,,,,61.0,69.0,8.0,,,,,,,,,,
2023-05-25,,,,,,,,,,,,,,,,,,62.0,67.0,5.0,,,,,,,,,,
2023-05-26,,,,,,,,,,,,,,,,,,76.0,84.0,8.0,,,,,,,,,,
2023-05-29,,,,,,,,,,,,,,,,,,72.0,81.0,9.0,,,,,,,,,,
2023-05-30,,,,,,,,,,,,,,,,,,75.0,81.0,6.0,,,,,,,,,,
2023-05-31,,,,,,,,,,,,,,,,,,84.0,88.0,4.0,,,,,,,,,,
2023-06-01,,,,,,,,,,,,,,,,,,81.0,95.0,14.0,,,,,,,,,,
2023-06-02,,,,,,,,,,,,,,,,,,84.0,93.0,9.0,,,,,,,,,,
2023-06-05,,,,,,,,,,,,,,,,,,93.0,92.0,-1.0,,,,,,,,,,
2023-06-06,,,,,,,,,,,,,,,,,,82.0,83.0,1.0,,,,,,,,,,
2023-06-07,,,,,,,,,,,,,,,,,,75.0,78.0,3.0,,,,,,,,,,
2023-06-08,,,,,,,,,,,,,,,,,,78.0,84.0,6.0,,,,,,,,,,
2023-06-09,,,,,,,,,,,,,,,,,,87.0,95.0,8.0,,,,,,,,,,
2023-06-12,,,,,,,,,,,,,,,,,,75.0,75.0,0.0,,,,,,,,,,
2023-06-13,,,,,,,,,,,,,,,,,,82.0,84.0,2.0,,,,,,,,,,
2023-06-14,,,,,,,,,,,,,,,,,,81.0,83.0,2.0,,,,,,,,,,
2023-06-15,,,,,,,,,,,,,,,,,,89.0,88.0,-1.0,,,,,,,,,,
2023-06-16,,,,,,,,,,,,,,,,,,76.0,75.0,-1.0,,,,,,,,,,
2023-06-19,,,,,,,,,,,,,,,,,,88.0,86.0,-2.0,,,,,,,,,,
2023-06-20,,,,,,,,,,,,,,,,,,97.0,92.0,-5.0,,,,,,,,,,
2023-06-21,,,,,,,,,,,,,,,,,,111.0,113.0,2.0,,,,,,,,,,
2023-06-26,,,,,,,,,,,,,,,,,,130.0,136.0,6.0,,,,,,,,,,
2023-06-27,,,,,,,,,,,,,,,,,,137.0,144.0,7.0,,,,,,,,,,
2023-06-28,,,,,,,,,,,,,,,,,,134.0,138.0,4.0,,,,,,,,,,
2023-06-29,,,,,,,,,,,,,,,,,,145.0,148.0,3.0,,,,,,,,,,
2023-06-30,,,,,,,,,,,,,,,,,,163.0,168.0,5.0,,,,,,,,,,
2023-07-03,,,,,,,,,,,,,,,,,,191.0,188.0,-3.0,,,,,,,,,,
2023-07-04,,,,,,,,,,,,,,,,,,207.0,205.0,-2.0,,,,,,,,,,
2023-07-05,,,,,,,,,,,,,,,,,,206.0,205.0,-1.0,,,,,,,,,,
2023-07-06,,,,,,,,,,,,,,,,,,192.0,197.0,5.0,,,,,,,,,,
2023-07-07,,,,,,,,,,,,,,,,,,202.0,204.0,2.0,,,,,,,,,,
2023-07-10,,,,,,,,,,,,,,,,,,209.0,209.0,0.0,,,,,,,,,,
2023-07-11,,,,,,,,,,,,,,,,,,188.0,185.0,-3.0,,,,,,,,,,
2023-07-12,,,,,,,,,,,,,,,,,,181.0,181.0,0.0,,,,,,,,,,
2023-07-13,,,,,,,,,,,,,,,,,,176.0,174.0,-2.0,,,,,,,,,,
2023-07-14,,,,,,,,,,,,,,,,,,175.0,173.0,-2.0,,,,,,,,,,
2023-07-17,,,,,,,,,,,,,,,,,,175.0,180.0,5.0,,,,,,,,,,
2023-07-18,,,,,,,,,,,,,,,,,,142.0,145.0,3.0,,,,,,,,,,
2023-07-19,,,,,,,,,,,,,,,,,,124.0,125.0,1.0,,,,,,,,,,
2023-07-20,,,,,,,,,,,,,,,,,,120.0,121.0,1.0,,,,,,,,,,
2023-07-21,,,,,,,,,,,,,,,,,,114.0,111.0,-3.0,,,,,,,,,,
2023-07-24,,,,,,,,,,,,,,,,,,115.0,110.0,-5.0,,,,,,,,,,
2023-07-25,,,,,,,,,,,,,,,,,,111.0,107.0,-4.0,,,,,,,,,,
2023-07-26,,,,,,,,,,,,,,,,,,125.0,120.0,-5.0,,,,,,,,,,
2023-07-27,,,,,,,,,,,,,,,,,,116.0,111.0,-5.0,,,,,,,,,,
2023-07-28,,,,,,,,,,,,,,,,,,126.0,123.0,-3.0,,,,,,,,,,
2023-07-31,,,,,,,,,,,,,,,,,,133.0,131.0,-2.0,,,,,,,,,,
2023-08-01,,,,,,,,,,,,,,,,,,124.0,122.0,-2.0,,,,,,,,,,
2023-08-02,,,,,,,,,,,,,,,,,,147.0,136.0,-11.0,,,,,,,,,,
2023-08-03,,,,,,,,,,,,,,,,,,156.0,150.0,-6.0,,,,,,,,,,
2023-08-04,,,,,,,,,,,,,,,,,,132.0,125.0,-7.0,,,,,,,,,,
2023-08-07,,,,,,,,,,,,,,,,,,115.0,105.0,-10.0,,,,,,,,,,
2023-08-08,,,,,,,,,,,,,,,,,,126.0,116.0,-10.0,,,,,,,,,,
2023-08-09,,,,,,,,,,,,,,,,,,131.0,131.0,0.0,,,,,,,,,,
2023-08-10,,,,,,,,,,,,,,,,,,145.0,147.0,2.0,,,,,,,,,,
2023-08-11,,,,,,,,,,,,,,,,,,116.0,115.0,-1.0,,,,,,,,,,
2023-08-14,,,,,,,,,,,,,,,,,,123.0,124.0,1.0,,,,,,,,,,
2023-08-15,,,,,,,,,,,,,,,,,,113.0,114.0,1.0,,,,,,,,,,
2023-08-16,,,,,,,,,,,,,,,,,,131.0,129.0,-2.0,,,,,,,,,,
2023-08-17,,,,,,,,,,,,,,,,,,155.0,155.0,0.0,,,,,,,,,,
2023-08-18,,,,,,,,,,,,,,,,,,158.0,164.0,6.0,,,,,,,,,,
2023-08-21,,,,,,,,,,,,,,,,,,166.0,171.0,5.0,,,,,,,,,,
2023-08-22,,,,,,,,,,,,,,,,,,184.0,185.0,1.0,,,,,,,,,,
2023-08-23,,,,,,,,,,,,,,,,,,183.0,188.0,5.0,,,,,,,,,,
2023-08-24,,,,,,,,,,,,,,,,,,186.0,195.0,9.0,,,,,,,,,,
2023-08-25,,,,,,,,,,,,,,,,,,177.0,189.0,12.0,,,,,,,,,,
2023-08-28,,,,,,,,,,,,,,,,,,166.0,172.0,6.0,,,,,,,,,,
2023-08-29,,,,,,,,,,,,,,,,,,168.0,182.0,14.0,,,,,,,,,,
2023-08-30,,,,,,,,,,,,,,,,,,165.0,183.0,18.0,,,,,,,,,,
2023-08-31,,,,,,,,,,,,,,,,,,173.0,185.0,12.0,,,,,,,,,,
2023-09-01,,,,,,,,,,,,,,,,,,198.0,213.0,15.0,,,,,,,,,,
2023-09-04,,,,,,,,,,,,,,,,,,238.0,243.0,5.0,,,,,,,,,,
2023-09-05,,,,,,,,,,,,,,,,,,228.0,233.0,5.0,,,,,,,,,,
2023-09-06,,,,,,,,,,,,,,,,,,222.0,229.0,7.0,,,,,,,,,,
2023-09-07,,,,,,,,,,,,,,,,,,210.0,212.0,2.0,,,,,,,,,,
2023-09-08,,,,,,,,,,,,,,,,,,258.0,256.0,-2.0,,,,,,,,,,
2023-09-11,,,,,,,,,,,,,,,,,,231.0,228.0,-3.0,,,,,,,,,,
2023-09-12,,,,,,,,,,,,,,,,,,230.0,220.0,-10.0,,,,,,,,,,
2023-09-13,,,,,,,,,,,,,,,,,,348.0,333.0,-15.0,,,,,,,,,,
2023-09-14,,,,,,,,,,,,,,,,,,,,-4.0,,,,,,,,,,
2023-09-15,,,,,,,,,,,,,,,,,,,,-1.0,1.0,,,,,,,,,
2023-09-18,,,,,,,,,,,,,,,,,,,,-7.0,1.0,,,,,,,,,
2023-09-19,,,,,,,,,,,,,,,,,,,,-16.0,1.0,,,,,,,,,
2023-09-20,,,,,,,,,,,,,,,,,,,,-12.0,3.0,,,,,,,,,
2023-09-21,,,,,,,,,,,,,,,,,,,,-15.0,4.0,,,,,,,,,
2023-09-22,,,,,,,,,,,,,,,,,,,,-15.0,5.0,,,,,,,,,
2023-09-25,,,,,,,,,,,,,,,,,,,,-24.0,-5.0,,,,,,,,,
2023-09-26,,,,,,,,,,,,,,,,,,,,-21.0,-1.0,,,,,,,,,
2023-09-27,,,,,,,,,,,,,,,,,,,,-27.0,-7.0,,,,,,,,,
2023-09-28,,,,,,,,,,,,,,,,,,,,-18.0,-13.0,,,,,,,,,
2023-10-09,,,,,,,,,,,,,,,,,,,,-32.0,-17.0,,,,,,,,,
2023-10-10,,,,,,,,,,,,,,,,,,,,-26.0,-20.0,,,,,,,,,
2023-10-11,,,,,,,,,,,,,,,,,,,,-30.0,-24.0,,,,,,,,,
2023-10-12,,,,,,,,,,,,,,,,,,,,-30.0,-18.0,,,,,,,,,
2023-10-13,,,,,,,,,,,,,,,,,,,,-29.0,-18.0,,,,,,,,,
2023-10-16,,,,,,,,,,,,,,,,,,,,-36.0,-17.0,,,,,,,,,
2023-10-17,,,,,,,,,,,,,,,,,,,,-42.0,-20.0,,,,,,,,,
2023-10-18,,,,,,,,,,,,,,,,,,,,-47.0,-22.0,,,,,,,,,
2023-10-19,,,,,,,,,,,,,,,,,,,,-41.0,-18.0,,,,,,,,,
2023-10-20,,,,,,,,,,,,,,,,,,,,-43.0,-20.0,,,,,,,,,
2023-10-23,,,,,,,,,,,,,,,,,,,,-40.0,-20.0,,,,,,,,,
2023-10-24,,,,,,,,,,,,,,,,,,,,-38.0,-21.0,,,,,,,,,
2023-10-25,,,,,,,,,,,,,,,,,,,,-38.0,-20.0,,,,,,,,,
2023-10-26,,,,,,,,,,,,,,,,,,,,-43.0,-22.0,,,,,,,,,
2023-10-27,,,,,,,,,,,,,,,,,,,,-37.0,-16.0,,,,,,,,,
2023-10-30,,,,,,,,,,,,,,,,,,,,-37.0,-10.0,,,,,,,,,
2023-10-31,,,,,,,,,,,,,,,,,,,,-32.0,-4.0,,,,,,,,,
2023-11-01,,,,,,,,,,,,,,,,,,,,-34.0,-1.0,,,,,,,,,
2023-11-02,,,,,,,,,,,,,,,,,,,,-35.0,3.0,,,,,,,,,
2023-11-03,,,,,,,,,,,,,,,,,,,,-32.0,4.0,,,,,,,,,
2023-11-06,,,,,,,,,,,,,,,,,,,,-23.0,4.0,,,,,,,,,
2023-11-07,,,,,,,,,,,,,,,,,,,,-30.0,3.0,,,,,,,,,
2023-11-08,,,,,,,,,,,,,,,,,,,,-28.0,4.0,,,,,,,,,
2023-11-09,,,,,,,,,,,,,,,,,,,,-30.0,7.0,,,,,,,,,
2023-11-10,,,,,,,,,,,,,,,,,,,,-36.0,-3.0,,,,,,,,,
2023-11-13,,,,,,,,,,,,,,,,,,,,-36.0,-4.0,,,,,,,,,
2023-11-14,,,,,,,,,,,,,,,,,,,,-31.0,-2.0,,,,,,,,,
2023-11-15,,,,,,,,,,,,,,,,,,,,-28.0,-3.0,,,,,,,,,
2023-11-16,,,,,,,,,,,,,,,,,,,,-26.0,1.0,,,,,,,,,
2023-11-17,,,,,,,,,,,,,,,,,,,,-27.0,1.0,,,,,,,,,
2023-11-20,,,,,,,,,,,,,,,,,,,,-16.0,5.0,,,,,,,,,
2023-11-21,,,,,,,,,,,,,,,,,,,,-18.0,1.0,,,,,,,,,
2023-11-22,,,,,,,,,,,,,,,,,,,,-25.0,-2.0,,,,,,,,,
2023-11-23,,,,,,,,,,,,,,,,,,,,-26.0,1.0,,,,,,,,,
2023-11-24,,,,,,,,,,,,,,,,,,,,-23.0,-6.0,,,,,,,,,
2023-11-27,,,,,,,,,,,,,,,,,,,,-25.0,-6.0,,,,,,,,,
2023-11-28,,,,,,,,,,,,,,,,,,,,-26.0,-2.0,,,,,,,,,
2023-11-29,,,,,,,,,,,,,,,,,,,,-25.0,-1.0,,,,,,,,,
2023-11-30,,,,,,,,,,,,,,,,,,,,-17.0,-1.0,,,,,,,,,
2023-12-01,,,,,,,,,,,,,,,,,,,,-17.0,0.0,,,,,,,,,
2023-12-04,,,,,,,,,,,,,,,,,,,,-3.0,-4.0,,,,,,,,,
2023-12-05,,,,,,,,,,,,,,,,,,,,-1.0,-1.0,,,,,,,,,
2023-12-06,,,,,,,,,,,,,,,,,,,,-10.0,2.0,,,,,,,,,
2023-12-07,,,,,,,,,,,,,,,,,,,,-6.0,2.0,,,,,,,,,
2023-12-08,,,,,,,,,,,,,,,,,,,,-7.0,2.0,,,,,,,,,
2023-12-11,,,,,,,,,,,,,,,,,,,,-6.0,-1.0,,,,,,,,,
2023-12-12,,,,,,,,,,,,,,,,,,,,-7.0,-2.0,,,,,,,,,
2023-12-13,,,,,,,,,,,,,,,,,,,,1.0,-1.0,,,,,,,,,
2023-12-14,,,,,,,,,,,,,,,,,,,,2.0,-3.0,,,,,,,,,
2023-12-15,,,,,,,,,,,,,,,,,,,,-2.0,-1.0,,,,,,,,,
2023-12-18,,,,,,,,,,,,,,,,,,,,11.0,-6.0,,,,,,,,,
2023-12-19,,,,,,,,,,,,,,,,,,,,-12.0,-10.0,,,,,,,,,
2023-12-20,,,,,,,,,,,,,,,,,,,,-12.0,-6.0,,,,,,,,,
2023-12-21,,,,,,,,,,,,,,,,,,,,-6.0,-12.0,,,,,,,,,
2023-12-22,,,,,,,,,,,,,,,,,,,,0.0,-11.0,,,,,,,,,
2023-12-25,,,,,,,,,,,,,,,,,,,,-3.0,-8.0,,,,,,,,,
2023-12-26,,,,,,,,,,,,,,,,,,,,-13.0,-10.0,,,,,,,,,
2023-12-27,,,,,,,,,,,,,,,,,,,,-13.0,-10.0,,,,,,,,,
2023-12-28,,,,,,,,,,,,,,,,,,,,-17.0,-8.0,,,,,,,,,
2023-12-29,,,,,,,,,,,,,,,,,,,,-21.0,-10.0,,,,,,,,,
2024-01-02,,,,,,,,,,,,,,,,,,,,-24.0,-6.0,,,,,,,,,
2024-01-03,,,,,,,,,,,,,,,,,,,,-6.0,-6.0,,,,,,,,,
2024-01-04,,,,,,,,,,,,,,,,,,,,-13.0,-3.0,,,,,,,,,
2024-01-05,,,,,,,,,,,,,,,,,,,,-11.0,-12.0,,,,,,,,,
2024-01-08,,,,,,,,,,,,,,,,,,,,-23.0,-12.0,,,,,,,,,
2024-01-09,,,,,,,,,,,,,,,,,,,,,-11.0,,,,,,,,,
2024-01-10,,,,,,,,,,,,,,,,,,,,,-16.0,,,,,,,,,
2024-01-11,,,,,,,,,,,,,,,,,,,,-66.0,-11.0,,,,,,,,,
2024-01-12,,,,,,,,,,,,,,,,,,,,,-19.0,,,,,,,,,
2024-01-15,,,,,,,,,,,,,,,,,,,,,-17.0,,,,,,,,,
2024-01-16,,,,,,,,,,,,,,,,,,,,,-27.0,66.0,,,,,,,,
2024-01-17,,,,,,,,,,,,,,,,,,,,,-42.0,59.0,,,,,,,,
2024-01-18,,,,,,,,,,,,,,,,,,,,,-34.0,59.0,,,,,,,,
2024-01-19,,,,,,,,,,,,,,,,,,,,,-40.0,33.0,,,,,,,,
2024-01-22,,,,,,,,,,,,,,,,,,,,,-43.0,25.0,,,,,,,,
2024-01-23,,,,,,,,,,,,,,,,,,,,,-42.0,35.0,,,,,,,,
2024-01-24,,,,,,,,,,,,,,,,,,,,,-41.0,28.0,,,,,,,,
2024-01-25,,,,,,,,,,,,,,,,,,,,,-42.0,30.0,,,,,,,,
2024-01-26,,,,,,,,,,,,,,,,,,,,,-39.0,29.0,,,,,,,,
2024-01-29,,,,,,,,,,,,,,,,,,,,,-41.0,42.0,,,,,,,,
2024-01-30,,,,,,,,,,,,,,,,,,,,,-44.0,48.0,,,,,,,,
2024-01-31,,,,,,,,,,,,,,,,,,,,,-40.0,45.0,,,,,,,,
2024-02-01,,,,,,,,,,,,,,,,,,,,,-32.0,44.0,,,,,,,,
2024-02-02,,,,,,,,,,,,,,,,,,,,,-31.0,39.0,,,,,,,,
2024-02-05,,,,,,,,,,,,,,,,,,,,,-27.0,30.0,,,,,,,,
2024-02-06,,,,,,,,,,,,,,,,,,,,,-17.0,29.0,,,,,,,,
2024-02-07,,,,,,,,,,,,,,,,,,,,,-22.0,27.0,,,,,,,,
2024-02-08,,,,,,,,,,,,,,,,,,,,,-22.0,26.0,,,,,,,,
2024-02-19,,,,,,,,,,,,,,,,,,,,,-24.0,20.0,,,,,,,,
2024-02-20,,,,,,,,,,,,,,,,,,,,,-20.0,13.0,,,,,,,,
2024-02-21,,,,,,,,,,,,,,,,,,,,,-19.0,24.0,,,,,,,,
2024-02-22,,,,,,,,,,,,,,,,,,,,,-4.0,36.0,,,,,,,,
2024-02-23,,,,,,,,,,,,,,,,,,,,,-3.0,51.0,,,,,,,,
2024-02-26,,,,,,,,,,,,,,,,,,,,,-7.0,49.0,,,,,,,,
2024-02-27,,,,,,,,,,,,,,,,,,,,,-6.0,42.0,,,,,,,,
2024-02-28,,,,,,,,,,,,,,,,,,,,,-11.0,48.0,,,,,,,,
2024-02-29,,,,,,,,,,,,,,,,,,,,,-7.0,52.0,,,,,,,,
2024-03-01,,,,,,,,,,,,,,,,,,,,,-8.0,54.0,,,,,,,,
2024-03-04,,,,,,,,,,,,,,,,,,,,,-19.0,52.0,,,,,,,,
2024-03-05,,,,,,,,,,,,,,,,,,,,,-13.0,48.0,,,,,,,,
2024-03-06,,,,,,,,,,,,,,,,,,,,,-13.0,50.0,,,,,,,,
2024-03-07,,,,,,,,,,,,,,,,,,,,,-9.0,50.0,,,,,,,,
2024-03-08,,,,,,,,,,,,,,,,,,,,,-9.0,47.0,,,,,,,,
2024-03-11,,,,,,,,,,,,,,,,,,,,,-8.0,43.0,,,,,,,,
2024-03-12,,,,,,,,,,,,,,,,,,,,,-12.0,46.0,,,,,,,,
2024-03-13,,,,,,,,,,,,,,,,,,,,,-14.0,44.0,,,,,,,,
2024-03-14,,,,,,,,,,,,,,,,,,,,,-17.0,42.0,,,,,,,,
2024-03-15,,,,,,,,,,,,,,,,,,,,,-25.0,60.0,,,,,,,,
2024-03-18,,,,,,,,,,,,,,,,,,,,,-33.0,60.0,,,,,,,,
2024-03-19,,,,,,,,,,,,,,,,,,,,,-35.0,52.0,,,,,,,,
2024-03-20,,,,,,,,,,,,,,,,,,,,,-35.0,56.0,,,,,,,,
2024-03-21,,,,,,,,,,,,,,,,,,,,,-47.0,55.0,,,,,,,,
2024-03-22,,,,,,,,,,,,,,,,,,,,,-43.0,44.0,,,,,,,,
2024-03-25,,,,,,,,,,,,,,,,,,,,,-40.0,41.0,,,,,,,,
2024-03-26,,,,,,,,,,,,,,,,,,,,,-39.0,39.0,,,,,,,,
2024-03-27,,,,,,,,,,,,,,,,,,,,,-39.0,34.0,,,,,,,,
2024-03-28,,,,,,,,,,,,,,,,,,,,,-22.0,44.0,,,,,,,,
2024-03-29,,,,,,,,,,,,,,,,,,,,,-29.0,49.0,,,,,,,,
2024-04-01,,,,,,,,,,,,,,,,,,,,,-35.0,64.0,,,,,,,,
2024-04-02,,,,,,,,,,,,,,,,,,,,,-32.0,70.0,,,,,,,,
2024-04-03,,,,,,,,,,,,,,,,,,,,,-35.0,70.0,,,,,,,,
2024-04-08,,,,,,,,,,,,,,,,,,,,,-40.0,66.0,,,,,,,,
2024-04-09,,,,,,,,,,,,,,,,,,,,,-52.0,70.0,,,,,,,,
2024-04-10,,,,,,,,,,,,,,,,,,,,,-53.0,65.0,,,,,,,,
2024-04-11,,,,,,,,,,,,,,,,,,,,,-61.0,59.0,,,,,,,,
2024-04-12,,,,,,,,,,,,,,,,,,,,,-62.0,52.0,,,,,,,,
2024-04-15,,,,,,,,,,,,,,,,,,,,,-65.0,51.0,,,,,,,,
2024-04-16,,,,,,,,,,,,,,,,,,,,,-61.0,50.0,,,,,,,,
2024-04-17,,,,,,,,,,,,,,,,,,,,,-52.0,43.0,,,,,,,,
2024-04-18,,,,,,,,,,,,,,,,,,,,,-54.0,47.0,,,,,,,,
2024-04-19,,,,,,,,,,,,,,,,,,,,,-48.0,36.0,,,,,,,,
2024-04-22,,,,,,,,,,,,,,,,,,,,,-40.0,42.0,,,,,,,,
2024-04-23,,,,,,,,,,,,,,,,,,,,,-28.0,43.0,,,,,,,,
2024-04-24,,,,,,,,,,,,,,,,,,,,,-38.0,47.0,,,,,,,,
2024-04-25,,,,,,,,,,,,,,,,,,,,,-42.0,49.0,,,,,,,,
2024-04-26,,,,,,,,,,,,,,,,,,,,,-28.0,44.0,,,,,,,,
2024-04-29,,,,,,,,,,,,,,,,,,,,,-23.0,47.0,,,,,,,,
2024-04-30,,,,,,,,,,,,,,,,,,,,,-37.0,52.0,,,,,,,,
2024-05-06,,,,,,,,,,,,,,,,,,,,,-51.0,61.0,,,,,,,,
2024-05-07,,,,,,,,,,,,,,,,,,,,,-53.0,67.0,,,,,,,,
2024-05-08,,,,,,,,,,,,,,,,,,,,,-47.0,63.0,,,,,,,,
2024-05-09,,,,,,,,,,,,,,,,,,,,,-42.0,63.0,,,,,,,,
2024-05-10,,,,,,,,,,,,,,,,,,,,,-51.0,64.0,,,,,,,,
2024-05-13,,,,,,,,,,,,,,,,,,,,,-63.0,67.0,,,,,,,,
2024-05-14,,,,,,,,,,,,,,,,,,,,,-48.0,64.0,,,,,,,,
2024-05-15,,,,,,,,,,,,,,,,,,,,,-62.0,65.0,,,,,,,,
2024-05-16,,,,,,,,,,,,,,,,,,,,,,67.0,,,,,,,,
2024-05-17,,,,,,,,,,,,,,,,,,,,,,64.0,,,,,,,,
2024-05-20,,,,,,,,,,,,,,,,,,,,,,61.0,40.0,-21.0,,,,,,
2024-05-21,,,,,,,,,,,,,,,,,,,,,,55.0,26.0,-29.0,,,,,,
2024-05-22,,,,,,,,,,,,,,,,,,,,,,59.0,21.0,-38.0,,,,,,
2024-05-23,,,,,,,,,,,,,,,,,,,,,,59.0,19.0,-40.0,,,,,,
2024-05-24,,,,,,,,,,,,,,,,,,,,,,59.0,15.0,-44.0,,,,,,
2024-05-27,,,,,,,,,,,,,,,,,,,,,,59.0,8.0,-51.0,,,,,,
2024-05-28,,,,,,,,,,,,,,,,,,,,,,59.0,11.0,-48.0,,,,,,
2024-05-29,,,,,,,,,,,,,,,,,,,,,,58.0,8.0,-50.0,,,,,,
2024-05-30,,,,,,,,,,,,,,,,,,,,,,53.0,1.0,-52.0,,,,,,
2024-05-31,,,,,,,,,,,,,,,,,,,,,,51.0,-1.0,-52.0,,,,,,
2024-06-03,,,,,,,,,,,,,,,,,,,,,,58.0,7.0,-51.0,,,,,,
2024-06-04,,,,,,,,,,,,,,,,,,,,,,60.0,6.0,-54.0,,,,,,
2024-06-05,,,,,,,,,,,,,,,,,,,,,,62.0,14.0,-48.0,,,,,,
2024-06-06,,,,,,,,,,,,,,,,,,,,,,64.0,21.0,-43.0,,,,,,
2024-06-07,,,,,,,,,,,,,,,,,,,,,,80.0,38.0,-42.0,,,,,,
2024-06-11,,,,,,,,,,,,,,,,,,,,,,74.0,36.0,-38.0,,,,,,
2024-06-12,,,,,,,,,,,,,,,,,,,,,,73.0,34.0,-39.0,,,,,,
2024-06-13,,,,,,,,,,,,,,,,,,,,,,69.0,28.0,-41.0,,,,,,
2024-06-14,,,,,,,,,,,,,,,,,,,,,,69.0,24.0,-45.0,,,,,,
2024-06-17,,,,,,,,,,,,,,,,,,,,,,67.0,15.0,-52.0,,,,,,
2024-06-18,,,,,,,,,,,,,,,,,,,,,,66.0,17.0,-49.0,,,,,,
2024-06-19,,,,,,,,,,,,,,,,,,,,,,66.0,18.0,-48.0,,,,,,
2024-06-20,,,,,,,,,,,,,,,,,,,,,,67.0,22.0,-45.0,,,,,,
2024-06-21,,,,,,,,,,,,,,,,,,,,,,72.0,30.0,-42.0,,,,,,
2024-06-24,,,,,,,,,,,,,,,,,,,,,,80.0,47.0,-33.0,,,,,,
2024-06-25,,,,,,,,,,,,,,,,,,,,,,83.0,52.0,-31.0,,,,,,
2024-06-26,,,,,,,,,,,,,,,,,,,,,,88.0,54.0,-34.0,,,,,,
2024-06-27,,,,,,,,,,,,,,,,,,,,,,97.0,65.0,-32.0,,,,,,
2024-06-28,,,,,,,,,,,,,,,,,,,,,,93.0,55.0,-38.0,,,,,,
2024-07-01,,,,,,,,,,,,,,,,,,,,,,87.0,48.0,-39.0,,,,,,
2024-07-02,,,,,,,,,,,,,,,,,,,,,,91.0,51.0,-40.0,,,,,,
2024-07-03,,,,,,,,,,,,,,,,,,,,,,91.0,50.0,-41.0,,,,,,
2024-07-04,,,,,,,,,,,,,,,,,,,,,,85.0,43.0,-42.0,,,,,,
2024-07-05,,,,,,,,,,,,,,,,,,,,,,89.0,45.0,-44.0,,,,,,
2024-07-08,,,,,,,,,,,,,,,,,,,,,,90.0,42.0,-48.0,,,,,,
2024-07-09,,,,,,,,,,,,,,,,,,,,,,87.0,39.0,-48.0,,,,,,
2024-07-10,,,,,,,,,,,,,,,,,,,,,,92.0,43.0,-49.0,,,,,,
2024-07-11,,,,,,,,,,,,,,,,,,,,,,91.0,46.0,-45.0,,,,,,
2024-07-12,,,,,,,,,,,,,,,,,,,,,,81.0,35.0,-46.0,,,,,,
2024-07-15,,,,,,,,,,,,,,,,,,,,,,71.0,26.0,-45.0,,,,,,
2024-07-16,,,,,,,,,,,,,,,,,,,,,,74.0,30.0,-44.0,,,,,,
2024-07-17,,,,,,,,,,,,,,,,,,,,,,80.0,32.0,-48.0,,,,,,
2024-07-18,,,,,,,,,,,,,,,,,,,,,,77.0,34.0,-43.0,,,,,,
2024-07-19,,,,,,,,,,,,,,,,,,,,,,83.0,38.0,-45.0,,,,,,
2024-07-22,,,,,,,,,,,,,,,,,,,,,,84.0,41.0,-43.0,,,,,,
2024-07-23,,,,,,,,,,,,,,,,,,,,,,76.0,31.0,-45.0,,,,,,
2024-07-24,,,,,,,,,,,,,,,,,,,,,,69.0,23.0,-46.0,,,,,,
2024-07-25,,,,,,,,,,,,,,,,,,,,,,58.0,12.0,-46.0,,,,,,
2024-07-26,,,,,,,,,,,,,,,,,,,,,,66.0,19.0,-47.0,,,,,,
2024-07-29,,,,,,,,,,,,,,,,,,,,,,55.0,10.0,-45.0,,,,,,
2024-07-30,,,,,,,,,,,,,,,,,,,,,,50.0,6.0,-44.0,,,,,,
2024-07-31,,,,,,,,,,,,,,,,,,,,,,46.0,8.0,-38.0,,,,,,
2024-08-01,,,,,,,,,,,,,,,,,,,,,,44.0,0.0,-44.0,,,,,,
2024-08-02,,,,,,,,,,,,,,,,,,,,,,35.0,-12.0,-47.0,,,,,,
2024-08-05,,,,,,,,,,,,,,,,,,,,,,18.0,-29.0,-47.0,,,,,,
2024-08-06,,,,,,,,,,,,,,,,,,,,,,15.0,-31.0,-46.0,,,,,,
2024-08-07,,,,,,,,,,,,,,,,,,,,,,6.0,-36.0,-42.0,,,,,,
2024-08-08,,,,,,,,,,,,,,,,,,,,,,16.0,-21.0,-37.0,,,,,,
2024-08-09,,,,,,,,,,,,,,,,,,,,,,37.0,6.0,-31.0,,,,,,
2024-08-12,,,,,,,,,,,,,,,,,,,,,,43.0,10.0,-33.0,,,,,,
2024-08-13,,,,,,,,,,,,,,,,,,,,,,47.0,9.0,-38.0,,,,,,
2024-08-14,,,,,,,,,,,,,,,,,,,,,,52.0,10.0,-42.0,,,,,,
2024-08-15,,,,,,,,,,,,,,,,,,,,,,44.0,10.0,-34.0,,,,,,
2024-08-16,,,,,,,,,,,,,,,,,,,,,,59.0,27.0,-32.0,,,,,,
2024-08-19,,,,,,,,,,,,,,,,,,,,,,42.0,21.0,-21.0,,,,,,
2024-08-20,,,,,,,,,,,,,,,,,,,,,,45.0,25.0,-20.0,,,,,,
2024-08-21,,,,,,,,,,,,,,,,,,,,,,43.0,27.0,-16.0,,,,,,
2024-08-22,,,,,,,,,,,,,,,,,,,,,,34.0,18.0,-16.0,,,,,,
2024-08-23,,,,,,,,,,,,,,,,,,,,,,31.0,13.0,-18.0,,,,,,
2024-08-26,,,,,,,,,,,,,,,,,,,,,,18.0,-10.0,-28.0,,,,,,
2024-08-27,,,,,,,,,,,,,,,,,,,,,,22.0,-3.0,-25.0,,,,,,
2024-08-28,,,,,,,,,,,,,,,,,,,,,,32.0,9.0,-23.0,,,,,,
2024-08-29,,,,,,,,,,,,,,,,,,,,,,27.0,-2.0,-29.0,,,,,,
2024-08-30,,,,,,,,,,,,,,,,,,,,,,28.0,-2.0,-30.0,,,,,,
2024-09-02,,,,,,,,,,,,,,,,,,,,,,26.0,-5.0,-31.0,,,,,,
2024-09-03,,,,,,,,,,,,,,,,,,,,,,22.0,-8.0,-30.0,,,,,,
2024-09-04,,,,,,,,,,,,,,,,,,,,,,20.0,-9.0,-29.0,,,,,,
2024-09-05,,,,,,,,,,,,,,,,,,,,,,9.0,-22.0,-31.0,,,,,,
2024-09-06,,,,,,,,,,,,,,,,,,,,,,16.0,-17.0,-33.0,,,,,,
2024-09-09,,,,,,,,,,,,,,,,,,,,,,29.0,-9.0,-38.0,,,,,,
2024-09-10,,,,,,,,,,,,,,,,,,,,,,8.0,-36.0,-44.0,,,,,,
2024-09-11,,,,,,,,,,,,,,,,,,,,,,,,-44.0,,,,,,
2024-09-12,,,,,,,,,,,,,,,,,,,,,,,,-44.0,,,,,,
2024-09-13,,,,,,,,,,,,,,,,,,,,,,,,-38.0,,,,,,
2024-09-18,,,,,,,,,,,,,,,,,,,,,,,,-49.0,-19.0,,,,,
2024-09-19,,,,,,,,,,,,,,,,,,,,,,,,-57.0,-24.0,,,,,
2024-09-20,,,,,,,,,,,,,,,,,,,,,,,,-66.0,-21.0,,,,,
2024-09-23,,,,,,,,,,,,,,,,,,,,,,,,-63.0,-26.0,,,,,
2024-09-24,,,,,,,,,,,,,,,,,,,,,,,,-57.0,-23.0,,,,,
2024-09-25,,,,,,,,,,,,,,,,,,,,,,,,-66.0,-25.0,,,,,
2024-09-26,,,,,,,,,,,,,,,,,,,,,,,,-58.0,-26.0,,,,,
2024-09-27,,,,,,,,,,,,,,,,,,,,,,,,-56.0,-26.0,,,,,
2024-09-30,,,,,,,,,,,,,,,,,,,,,,,,-61.0,-32.0,,,,,
2024-10-08,,,,,,,,,,,,,,,,,,,,,,,,-56.0,-41.0,,,,,
2024-10-09,,,,,,,,,,,,,,,,,,,,,,,,-63.0,-36.0,,,,,
2024-10-10,,,,,,,,,,,,,,,,,,,,,,,,-60.0,-33.0,,,,,
2024-10-11,,,,,,,,,,,,,,,,,,,,,,,,-57.0,-35.0,,,,,
2024-10-14,,,,,,,,,,,,,,,,,,,,,,,,-51.0,-34.0,,,,,
2024-10-15,,,,,,,,,,,,,,,,,,,,,,,,-55.0,-33.0,,,,,
2024-10-16,,,,,,,,,,,,,,,,,,,,,,,,-60.0,-32.0,,,,,
2024-10-17,,,,,,,,,,,,,,,,,,,,,,,,-59.0,-33.0,,,,,
2024-10-18,,,,,,,,,,,,,,,,,,,,,,,,-58.0,-37.0,,,,,
2024-10-21,,,,,,,,,,,,,,,,,,,,,,,,-63.0,-34.0,,,,,
2024-10-22,,,,,,,,,,,,,,,,,,,,,,,,-66.0,-32.0,,,,,
2024-10-23,,,,,,,,,,,,,,,,,,,,,,,,-56.0,-33.0,,,,,
2024-10-24,,,,,,,,,,,,,,,,,,,,,,,,-55.0,-32.0,,,,,
2024-10-25,,,,,,,,,,,,,,,,,,,,,,,,-59.0,-31.0,,,,,
2024-10-28,,,,,,,,,,,,,,,,,,,,,,,,-68.0,-34.0,,,,,
2024-10-29,,,,,,,,,,,,,,,,,,,,,,,,-69.0,-38.0,,,,,
2024-10-30,,,,,,,,,,,,,,,,,,,,,,,,-69.0,-35.0,,,,,
2024-10-31,,,,,,,,,,,,,,,,,,,,,,,,-66.0,-38.0,,,,,
2024-11-01,,,,,,,,,,,,,,,,,,,,,,,,-65.0,-38.0,,,,,
2024-11-04,,,,,,,,,,,,,,,,,,,,,,,,-69.0,-43.0,,,,,
2024-11-05,,,,,,,,,,,,,,,,,,,,,,,,-70.0,-42.0,,,,,
2024-11-06,,,,,,,,,,,,,,,,,,,,,,,,-72.0,-42.0,,,,,
2024-11-07,,,,,,,,,,,,,,,,,,,,,,,,-78.0,-46.0,,,,,
2024-11-08,,,,,,,,,,,,,,,,,,,,,,,,-77.0,-52.0,,,,,
2024-11-11,,,,,,,,,,,,,,,,,,,,,,,,-78.0,-50.0,,,,,
2024-11-12,,,,,,,,,,,,,,,,,,,,,,,,-76.0,-52.0,,,,,
2024-11-13,,,,,,,,,,,,,,,,,,,,,,,,-69.0,-52.0,,,,,
2024-11-14,,,,,,,,,,,,,,,,,,,,,,,,-76.0,-49.0,,,,,
2024-11-15,,,,,,,,,,,,,,,,,,,,,,,,-74.0,-55.0,,,,,
2024-11-18,,,,,,,,,,,,,,,,,,,,,,,,-71.0,-49.0,,,,,
2024-11-19,,,,,,,,,,,,,,,,,,,,,,,,-75.0,-48.0,,,,,
2024-11-20,,,,,,,,,,,,,,,,,,,,,,,,-74.0,-53.0,,,,,
2024-11-21,,,,,,,,,,,,,,,,,,,,,,,,-70.0,-49.0,,,,,
2024-11-22,,,,,,,,,,,,,,,,,,,,,,,,-74.0,-51.0,,,,,
2024-11-25,,,,,,,,,,,,,,,,,,,,,,,,-73.0,-52.0,,,,,
2024-11-26,,,,,,,,,,,,,,,,,,,,,,,,-75.0,-48.0,,,,,
2024-11-27,,,,,,,,,,,,,,,,,,,,,,,,-75.0,-48.0,,,,,
2024-11-28,,,,,,,,,,,,,,,,,,,,,,,,-78.0,-48.0,,,,,
2024-11-29,,,,,,,,,,,,,,,,,,,,,,,,-84.0,-47.0,,,,,
2024-12-02,,,,,,,,,,,,,,,,,,,,,,,,-85.0,-50.0,,,,,
2024-12-03,,,,,,,,,,,,,,,,,,,,,,,,-88.0,-45.0,,,,,
2024-12-04,,,,,,,,,,,,,,,,,,,,,,,,-92.0,-48.0,,,,,
2024-12-05,,,,,,,,,,,,,,,,,,,,,,,,-102.0,-41.0,,,,,
2024-12-06,,,,,,,,,,,,,,,,,,,,,,,,-95.0,-44.0,,,,,
2024-12-09,,,,,,,,,,,,,,,,,,,,,,,,-99.0,-40.0,,,,,
2024-12-10,,,,,,,,,,,,,,,,,,,,,,,,-102.0,-39.0,,,,,
2024-12-11,,,,,,,,,,,,,,,,,,,,,,,,-100.0,-38.0,,,,,
2024-12-12,,,,,,,,,,,,,,,,,,,,,,,,-100.0,-38.0,,,,,
2024-12-13,,,,,,,,,,,,,,,,,,,,,,,,-99.0,-40.0,,,,,
2024-12-16,,,,,,,,,,,,,,,,,,,,,,,,-103.0,-43.0,,,,,
2024-12-17,,,,,,,,,,,,,,,,,,,,,,,,-99.0,-50.0,,,,,
2024-12-18,,,,,,,,,,,,,,,,,,,,,,,,-104.0,-52.0,,,,,
2024-12-19,,,,,,,,,,,,,,,,,,,,,,,,-109.0,-49.0,,,,,
2024-12-20,,,,,,,,,,,,,,,,,,,,,,,,-111.0,-55.0,,,,,
2024-12-23,,,,,,,,,,,,,,,,,,,,,,,,-117.0,-48.0,,,,,
2024-12-24,,,,,,,,,,,,,,,,,,,,,,,,-119.0,-44.0,,,,,
2024-12-25,,,,,,,,,,,,,,,,,,,,,,,,-126.0,-45.0,,,,,
2024-12-26,,,,,,,,,,,,,,,,,,,,,,,,-123.0,-52.0,,,,,
2024-12-27,,,,,,,,,,,,,,,,,,,,,,,,-128.0,-45.0,,,,,
2024-12-30,,,,,,,,,,,,,,,,,,,,,,,,-130.0,-50.0,,,,,
2024-12-31,,,,,,,,,,,,,,,,,,,,,,,,-135.0,-48.0,,,,,
2025-01-02,,,,,,,,,,,,,,,,,,,,,,,,-132.0,-50.0,,,,,
2025-01-03,,,,,,,,,,,,,,,,,,,,,,,,-137.0,-52.0,,,,,
2025-01-06,,,,,,,,,,,,,,,,,,,,,,,,-128.0,-52.0,,,,,
2025-01-07,,,,,,,,,,,,,,,,,,,,,,,,-123.0,-50.0,,,,,
2025-01-08,,,,,,,,,,,,,,,,,,,,,,,,-129.0,-49.0,,,,,
2025-01-09,,,,,,,,,,,,,,,,,,,,,,,,-131.0,-49.0,,,,,
2025-01-10,,,,,,,,,,,,,,,,,,,,,,,,-123.0,-44.0,,,,,
2025-01-13,,,,,,,,,,,,,,,,,,,,,,,,-123.0,-49.0,,,,,
2025-01-14,,,,,,,,,,,,,,,,,,,,,,,,-127.0,-46.0,,,,,
2025-01-15,,,,,,,,,,,,,,,,,,,,,,,,,-46.0,,,,,
2025-01-16,,,,,,,,,,,,,,,,,,,,,,,,,-45.0,65.0,,,,
2025-01-17,,,,,,,,,,,,,,,,,,,,,,,,,-42.0,67.0,,,,
2025-01-20,,,,,,,,,,,,,,,,,,,,,,,,,-38.0,64.0,,,,
2025-01-21,,,,,,,,,,,,,,,,,,,,,,,,,-36.0,55.0,,,,
2025-01-22,,,,,,,,,,,,,,,,,,,,,,,,,-34.0,53.0,,,,
2025-01-23,,,,,,,,,,,,,,,,,,,,,,,,,-32.0,53.0,,,,
2025-01-24,,,,,,,,,,,,,,,,,,,,,,,,,-39.0,47.0,,,,
2025-01-27,,,,,,,,,,,,,,,,,,,,,,,,,-41.0,59.0,,,,
2025-02-05,,,,,,,,,,,,,,,,,,,,,,,,,-42.0,57.0,,,,
2025-02-06,,,,,,,,,,,,,,,,,,,,,,,,,-43.0,63.0,,,,
2025-02-07,,,,,,,,,,,,,,,,,,,,,,,,,-46.0,58.0,,,,
2025-02-10,,,,,,,,,,,,,,,,,,,,,,,,,-45.0,62.0,,,,
2025-02-11,,,,,,,,,,,,,,,,,,,,,,,,,-47.0,66.0,,,,
2025-02-12,,,,,,,,,,,,,,,,,,,,,,,,,-40.0,60.0,,,,
2025-02-13,,,,,,,,,,,,,,,,,,,,,,,,,-40.0,65.0,,,,
2025-02-14,,,,,,,,,,,,,,,,,,,,,,,,,-35.0,65.0,,,,
2025-02-17,,,,,,,,,,,,,,,,,,,,,,,,,-43.0,64.0,,,,
2025-02-18,,,,,,,,,,,,,,,,,,,,,,,,,-38.0,60.0,,,,
2025-02-19,,,,,,,,,,,,,,,,,,,,,,,,,-44.0,63.0,,,,
2025-02-20,,,,,,,,,,,,,,,,,,,,,,,,,-50.0,57.0,,,,
2025-02-21,,,,,,,,,,,,,,,,,,,,,,,,,-51.0,64.0,,,,
2025-02-24,,,,,,,,,,,,,,,,,,,,,,,,,-48.0,63.0,,,,
2025-02-25,,,,,,,,,,,,,,,,,,,,,,,,,-56.0,66.0,,,,
2025-02-26,,,,,,,,,,,,,,,,,,,,,,,,,-57.0,65.0,,,,
2025-02-27,,,,,,,,,,,,,,,,,,,,,,,,,-48.0,64.0,,,,
2025-02-28,,,,,,,,,,,,,,,,,,,,,,,,,-47.0,61.0,,,,
2025-03-03,,,,,,,,,,,,,,,,,,,,,,,,,-47.0,63.0,,,,
2025-03-04,,,,,,,,,,,,,,,,,,,,,,,,,-45.0,68.0,,,,
2025-03-05,,,,,,,,,,,,,,,,,,,,,,,,,-52.0,70.0,,,,
2025-03-06,,,,,,,,,,,,,,,,,,,,,,,,,-52.0,79.0,,,,
2025-03-07,,,,,,,,,,,,,,,,,,,,,,,,,-44.0,78.0,,,,
2025-03-10,,,,,,,,,,,,,,,,,,,,,,,,,-39.0,78.0,,,,
2025-03-11,,,,,,,,,,,,,,,,,,,,,,,,,-43.0,75.0,,,,
2025-03-12,,,,,,,,,,,,,,,,,,,,,,,,,-47.0,79.0,,,,
2025-03-13,,,,,,,,,,,,,,,,,,,,,,,,,-46.0,71.0,,,,
2025-03-14,,,,,,,,,,,,,,,,,,,,,,,,,-43.0,75.0,,,,
2025-03-17,,,,,,,,,,,,,,,,,,,,,,,,,-47.0,71.0,,,,
2025-03-18,,,,,,,,,,,,,,,,,,,,,,,,,-45.0,73.0,,,,
2025-03-19,,,,,,,,,,,,,,,,,,,,,,,,,-51.0,72.0,,,,
2025-03-20,,,,,,,,,,,,,,,,,,,,,,,,,-49.0,65.0,,,,
2025-03-21,,,,,,,,,,,,,,,,,,,,,,,,,-51.0,73.0,,,,
2025-03-24,,,,,,,,,,,,,,,,,,,,,,,,,-55.0,70.0,,,,
2025-03-25,,,,,,,,,,,,,,,,,,,,,,,,,-53.0,67.0,,,,
2025-03-26,,,,,,,,,,,,,,,,,,,,,,,,,-54.0,68.0,,,,
2025-03-27,,,,,,,,,,,,,,,,,,,,,,,,,-54.0,70.0,,,,
2025-03-28,,,,,,,,,,,,,,,,,,,,,,,,,-52.0,70.0,,,,
2025-03-31,,,,,,,,,,,,,,,,,,,,,,,,,-55.0,70.0,,,,
2025-04-01,,,,,,,,,,,,,,,,,,,,,,,,,-62.0,76.0,,,,
2025-04-02,,,,,,,,,,,,,,,,,,,,,,,,,-63.0,77.0,,,,
2025-04-03,,,,,,,,,,,,,,,,,,,,,,,,,-61.0,85.0,,,,
2025-04-07,,,,,,,,,,,,,,,,,,,,,,,,,-58.0,84.0,,,,
2025-04-08,,,,,,,,,,,,,,,,,,,,,,,,,-61.0,76.0,,,,
2025-04-09,,,,,,,,,,,,,,,,,,,,,,,,,-67.0,77.0,,,,
2025-04-10,,,,,,,,,,,,,,,,,,,,,,,,,-70.0,77.0,,,,
2025-04-11,,,,,,,,,,,,,,,,,,,,,,,,,-74.0,74.0,,,,
2025-04-14,,,,,,,,,,,,,,,,,,,,,,,,,-71.0,64.0,,,,
2025-04-15,,,,,,,,,,,,,,,,,,,,,,,,,-74.0,64.0,,,,
2025-04-16,,,,,,,,,,,,,,,,,,,,,,,,,-76.0,65.0,,,,
2025-04-17,,,,,,,,,,,,,,,,,,,,,,,,,-73.0,63.0,,,,
2025-04-18,,,,,,,,,,,,,,,,,,,,,,,,,-73.0,59.0,,,,
2025-04-21,,,,,,,,,,,,,,,,,,,,,,,,,-73.0,56.0,,,,
2025-04-22,,,,,,,,,,,,,,,,,,,,,,,,,-70.0,57.0,,,,
2025-04-23,,,,,,,,,,,,,,,,,,,,,,,,,-66.0,57.0,,,,
2025-04-24,,,,,,,,,,,,,,,,,,,,,,,,,-65.0,72.0,,,,
2025-04-25,,,,,,,,,,,,,,,,,,,,,,,,,-63.0,73.0,,,,
2025-04-28,,,,,,,,,,,,,,,,,,,,,,,,,-61.0,85.0,,,,
2025-04-29,,,,,,,,,,,,,,,,,,,,,,,,,-63.0,86.0,,,,
2025-04-30,,,,,,,,,,,,,,,,,,,,,,,,,-56.0,95.0,,,,
2025-05-06,,,,,,,,,,,,,,,,,,,,,,,,,-54.0,91.0,,,,
2025-05-07,,,,,,,,,,,,,,,,,,,,,,,,,-47.0,96.0,,,,
2025-05-08,,,,,,,,,,,,,,,,,,,,,,,,,-50.0,102.0,,,,
2025-05-09,,,,,,,,,,,,,,,,,,,,,,,,,-48.0,103.0,,,,
2025-05-12,,,,,,,,,,,,,,,,,,,,,,,,,-50.0,102.0,,,,
2025-05-13,,,,,,,,,,,,,,,,,,,,,,,,,-46.0,103.0,,,,
2025-05-14,,,,,,,,,,,,,,,,,,,,,,,,,-57.0,112.0,,,,
2025-05-15,,,,,,,,,,,,,,,,,,,,,,,,,-46.0,118.0,,,,
2025-05-16,,,,,,,,,,,,,,,,,,,,,,,,,-40.0,113.0,,,,
2025-05-19,,,,,,,,,,,,,,,,,,,,,,,,,,99.0,,,,
2025-05-20,,,,,,,,,,,,,,,,,,,,,,,,,,93.0,77.0,-16.0,,
2025-05-21,,,,,,,,,,,,,,,,,,,,,,,,,,98.0,86.0,-12.0,,
2025-05-22,,,,,,,,,,,,,,,,,,,,,,,,,,105.0,91.0,-14.0,,
2025-05-23,,,,,,,,,,,,,,,,,,,,,,,,,,108.0,91.0,-17.0,,
2025-05-26,,,,,,,,,,,,,,,,,,,,,,,,,,103.0,91.0,-12.0,,
2025-05-27,,,,,,,,,,,,,,,,,,,,,,,,,,104.0,91.0,-13.0,,
2025-05-28,,,,,,,,,,,,,,,,,,,,,,,,,,103.0,91.0,-12.0,,
2025-05-29,,,,,,,,,,,,,,,,,,,,,,,,,,105.0,90.0,-15.0,,
2025-05-30,,,,,,,,,,,,,,,,,,,,,,,,,,111.0,97.0,-14.0,,
2025-06-03,,,,,,,,,,,,,,,,,,,,,,,,,,110.0,97.0,-13.0,,
2025-06-04,,,,,,,,,,,,,,,,,,,,,,,,,,115.0,102.0,-13.0,,
2025-06-05,,,,,,,,,,,,,,,,,,,,,,,,,,116.0,103.0,-13.0,,
2025-06-06,,,,,,,,,,,,,,,,,,,,,,,,,,112.0,96.0,-16.0,,
2025-06-09,,,,,,,,,,,,,,,,,,,,,,,,,,112.0,98.0,-14.0,,
2025-06-10,,,,,,,,,,,,,,,,,,,,,,,,,,118.0,101.0,-17.0,,
2025-06-11,,,,,,,,,,,,,,,,,,,,,,,,,,127.0,98.0,-29.0,,
2025-06-12,,,,,,,,,,,,,,,,,,,,,,,,,,130.0,97.0,-33.0,,
2025-06-13,,,,,,,,,,,,,,,,,,,,,,,,,,126.0,96.0,-30.0,,
2025-06-16,,,,,,,,,,,,,,,,,,,,,,,,,,116.0,79.0,-37.0,,
2025-06-17,,,,,,,,,,,,,,,,,,,,,,,,,,113.0,85.0,-28.0,,
2025-06-18,,,,,,,,,,,,,,,,,,,,,,,,,,113.0,72.0,-41.0,,
2025-06-19,,,,,,,,,,,,,,,,,,,,,,,,,,118.0,82.0,-36.0,,
2025-06-20,,,,,,,,,,,,,,,,,,,,,,,,,,120.0,90.0,-30.0,,
2025-06-23,,,,,,,,,,,,,,,,,,,,,,,,,,117.0,91.0,-26.0,,
2025-06-24,,,,,,,,,,,,,,,,,,,,,,,,,,108.0,76.0,-32.0,,
2025-06-25,,,,,,,,,,,,,,,,,,,,,,,,,,104.0,78.0,-26.0,,
2025-06-26,,,,,,,,,,,,,,,,,,,,,,,,,,107.0,83.0,-24.0,,
2025-06-27,,,,,,,,,,,,,,,,,,,,,,,,,,111.0,84.0,-27.0,,
2025-06-30,,,,,,,,,,,,,,,,,,,,,,,,,,102.0,74.0,-28.0,,
2025-07-01,,,,,,,,,,,,,,,,,,,,,,,,,,103.0,79.0,-24.0,,
2025-07-02,,,,,,,,,,,,,,,,,,,,,,,,,,101.0,75.0,-26.0,,
2025-07-03,,,,,,,,,,,,,,,,,,,,,,,,,,99.0,70.0,-29.0,,
2025-07-04,,,,,,,,,,,,,,,,,,,,,,,,,,91.0,60.0,-31.0,,
2025-07-07,,,,,,,,,,,,,,,,,,,,,,,,,,81.0,48.0,-33.0,,
2025-07-08,,,,,,,,,,,,,,,,,,,,,,,,,,80.0,53.0,-27.0,,
2025-07-09,,,,,,,,,,,,,,,,,,,,,,,,,,85.0,55.0,-30.0,,
2025-07-10,,,,,,,,,,,,,,,,,,,,,,,,,,85.0,52.0,-33.0,,
2025-07-11,,,,,,,,,,,,,,,,,,,,,,,,,,75.0,41.0,-34.0,,
2025-07-14,,,,,,,,,,,,,,,,,,,,,,,,,,64.0,30.0,-34.0,,
2025-07-15,,,,,,,,,,,,,,,,,,,,,,,,,,59.0,23.0,-36.0,,
2025-07-16,,,,,,,,,,,,,,,,,,,,,,,,,,59.0,20.0,-39.0,,
2025-07-17,,,,,,,,,,,,,,,,,,,,,,,,,,56.0,18.0,-38.0,,
2025-07-18,,,,,,,,,,,,,,,,,,,,,,,,,,70.0,30.0,-40.0,,
2025-07-21,,,,,,,,,,,,,,,,,,,,,,,,,,70.0,26.0,-44.0,,
2025-07-22,,,,,,,,,,,,,,,,,,,,,,,,,,76.0,34.0,-42.0,,
2025-07-23,,,,,,,,,,,,,,,,,,,,,,,,,,74.0,30.0,-44.0,,
2025-07-24,,,,,,,,,,,,,,,,,,,,,,,,,,80.0,38.0,-42.0,,
2025-07-25,,,,,,,,,,,,,,,,,,,,,,,,,,80.0,35.0,-45.0,,
2025-07-28,,,,,,,,,,,,,,,,,,,,,,,,,,93.0,48.0,-45.0,,
2025-07-29,,,,,,,,,,,,,,,,,,,,,,,,,,87.0,39.0,-48.0,,
2025-07-30,,,,,,,,,,,,,,,,,,,,,,,,,,94.0,49.0,-45.0,,
2025-07-31,,,,,,,,,,,,,,,,,,,,,,,,,,79.0,32.0,-47.0,,
2025-08-01,,,,,,,,,,,,,,,,,,,,,,,,,,84.0,42.0,-42.0,,
2025-08-04,,,,,,,,,,,,,,,,,,,,,,,,,,72.0,21.0,-51.0,,
2025-08-05,,,,,,,,,,,,,,,,,,,,,,,,,,55.0,9.0,-46.0,,
2025-08-06,,,,,,,,,,,,,,,,,,,,,,,,,,65.0,12.0,-53.0,,
2025-08-07,,,,,,,,,,,,,,,,,,,,,,,,,,72.0,17.0,-55.0,,
2025-08-08,,,,,,,,,,,,,,,,,,,,,,,,,,71.0,7.0,-64.0,,
2025-08-11,,,,,,,,,,,,,,,,,,,,,,,,,,74.0,7.0,-67.0,,
2025-08-12,,,,,,,,,,,,,,,,,,,,,,,,,,67.0,-1.0,-68.0,,
2025-08-13,,,,,,,,,,,,,,,,,,,,,,,,,,75.0,4.0,-71.0,,
2025-08-14,,,,,,,,,,,,,,,,,,,,,,,,,,90.0,16.0,-74.0,,
2025-08-15,,,,,,,,,,,,,,,,,,,,,,,,,,79.0,11.0,-68.0,,
2025-08-18,,,,,,,,,,,,,,,,,,,,,,,,,,88.0,12.0,-76.0,,
2025-08-19,,,,,,,,,,,,,,,,,,,,,,,,,,77.0,3.0,-74.0,,
2025-08-20,,,,,,,,,,,,,,,,,,,,,,,,,,57.0,-18.0,-75.0,,
2025-08-21,,,,,,,,,,,,,,,,,,,,,,,,,,43.0,-33.0,-76.0,,
2025-08-22,,,,,,,,,,,,,,,,,,,,,,,,,,42.0,-26.0,-68.0,,
2025-08-25,,,,,,,,,,,,,,,,,,,,,,,,,,45.0,-31.0,-76.0,,
2025-08-26,,,,,,,,,,,,,,,,,,,,,,,,,,46.0,-25.0,-71.0,,
2025-08-27,,,,,,,,,,,,,,,,,,,,,,,,,,57.0,-13.0,-70.0,,
2025-08-28,,,,,,,,,,,,,,,,,,,,,,,,,,62.0,-4.0,-66.0,,
2025-08-29,,,,,,,,,,,,,,,,,,,,,,,,,,58.0,-12.0,-70.0,,
2025-09-01,,,,,,,,,,,,,,,,,,,,,,,,,,73.0,4.0,-69.0,,
2025-09-02,,,,,,,,,,,,,,,,,,,,,,,,,,82.0,16.0,-66.0,,
2025-09-03,,,,,,,,,,,,,,,,,,,,,,,,,,77.0,14.0,-63.0,,
2025-09-04,,,,,,,,,,,,,,,,,,,,,,,,,,110.0,49.0,-61.0,,
2025-09-05,,,,,,,,,,,,,,,,,,,,,,,,,,96.0,34.0,-62.0,,
2025-09-08,,,,,,,,,,,,,,,,,,,,,,,,,,51.0,-12.0,-63.0,,
2025-09-09,,,,,,,,,,,,,,,,,,,,,,,,,,97.0,31.0,-66.0,,
2025-09-10,,,,,,,,,,,,,,,,,,,,,,,,,,,,-70.0,,
2025-09-11,,,,,,,,,,,,,,,,,,,,,,,,,,130.0,62.0,-68.0,,
2025-09-12,,,,,,,,,,,,,,,,,,,,,,,,,,,,-70.0,,
2025-09-15,,,,,,,,,,,,,,,,,,,,,,,,,,,,-73.0,-26.0,
2025-09-16,,,,,,,,,,,,,,,,,,,,,,,,,,,,-70.0,-31.0,
2025-09-17,,,,,,,,,,,,,,,,,,,,,,,,,,,,-69.0,-30.0,
2025-09-18,,,,,,,,,,,,,,,,,,,,,,,,,,,,-67.0,-24.0,
2025-09-19,,,,,,,,,,,,,,,,,,,,,,,,,,,,-67.0,-28.0,
2025-09-22,,,,,,,,,,,,,,,,,,,,,,,,,,,,-74.0,-29.0,
2025-09-23,,,,,,,,,,,,,,,,,,,,,,,,,,,,-70.0,-32.0,
2025-09-24,,,,,,,,,,,,,,,,,,,,,,,,,,,,-66.0,-27.0,
2025-09-25,,,,,,,,,,,,,,,,,,,,,,,,,,,,-63.0,-30.0,
2025-09-26,,,,,,,,,,,,,,,,,,,,,,,,,,,,-66.0,-25.0,
2025-09-29,,,,,,,,,,,,,,,,,,,,,,,,,,,,-68.0,-24.0,
2025-09-30,,,,,,,,,,,,,,,,,,,,,,,,,,,,-73.0,-26.0,
2025-10-09,,,,,,,,,,,,,,,,,,,,,,,,,,,,-76.0,-26.0,
2025-10-10,,,,,,,,,,,,,,,,,,,,,,,,,,,,-79.0,-26.0,
2025-10-13,,,,,,,,,,,,,,,,,,,,,,,,,,,,-86.0,-34.0,
2025-10-14,,,,,,,,,,,,,,,,,,,,,,,,,,,,-91.0,-33.0,
2025-10-15,,,,,,,,,,,,,,,,,,,,,,,,,,,,-91.0,-29.0,
2025-10-16,,,,,,,,,,,,,,,,,,,,,,,,,,,,-99.0,-27.0,
2025-10-17,,,,,,,,,,,,,,,,,,,,,,,,,,,,-105.0,-32.0,
2025-10-20,,,,,,,,,,,,,,,,,,,,,,,,,,,,-112.0,-36.0,
2025-10-21,,,,,,,,,,,,,,,,,,,,,,,,,,,,-105.0,-38.0,
2025-10-22,,,,,,,,,,,,,,,,,,,,,,,,,,,,-106.0,-35.0,
2025-10-23,,,,,,,,,,,,,,,,,,,,,,,,,,,,-104.0,-30.0,
2025-10-24,,,,,,,,,,,,,,,,,,,,,,,,,,,,-104.0,-30.0,
2025-10-27,,,,,,,,,,,,,,,,,,,,,,,,,,,,-105.0,-33.0,
2025-10-28,,,,,,,,,,,,,,,,,,,,,,,,,,,,-107.0,-31.0,
2025-10-29,,,,,,,,,,,,,,,,,,,,,,,,,,,,-105.0,-32.0,
2025-10-30,,,,,,,,,,,,,,,,,,,,,,,,,,,,-102.0,-34.0,
2025-10-31,,,,,,,,,,,,,,,,,,,,,,,,,,,,-97.0,-26.0,
2025-11-03,,,,,,,,,,,,,,,,,,,,,,,,,,,,-103.0,-19.0,
2025-11-04,,,,,,,,,,,,,,,,,,,,,,,,,,,,-97.0,-22.0,
2025-11-05,,,,,,,,,,,,,,,,,,,,,,,,,,,,-101.0,-22.0,
2025-11-06,,,,,,,,,,,,,,,,,,,,,,,,,,,,-90.0,-21.0,
2025-11-07,,,,,,,,,,,,,,,,,,,,,,,,,,,,-92.0,-22.0,
2025-11-10,,,,,,,,,,,,,,,,,,,,,,,,,,,,-86.0,-24.0,
2025-11-11,,,,,,,,,,,,,,,,,,,,,,,,,,,,-77.0,-25.0,
2025-11-12,,,,,,,,,,,,,,,,,,,,,,,,,,,,-74.0,-28.0,
2025-11-13,,,,,,,,,,,,,,,,,,,,,,,,,,,,-71.0,-25.0,
2025-11-14,,,,,,,,,,,,,,,,,,,,,,,,,,,,-67.0,-26.0,
2025-11-17,,,,,,,,,,,,,,,,,,,,,,,,,,,,-61.0,-27.0,
2025-11-18,,,,,,,,,,,,,,,,,,,,,,,,,,,,-73.0,-26.0,
2025-11-19,,,,,,,,,,,,,,,,,,,,,,,,,,,,-70.0,-27.0,
2025-11-20,,,,,,,,,,,,,,,,,,,,,,,,,,,,-69.0,-27.0,
2025-11-21,,,,,,,,,,,,,,,,,,,,,,,,,,,,-57.0,-22.0,
2025-11-24,,,,,,,,,,,,,,,,,,,,,,,,,,,,-44.0,-19.0,
2025-11-25,,,,,,,,,,,,,,,,,,,,,,,,,,,,-21.0,-12.0,
2025-11-26,,,,,,,,,,,,,,,,,,,,,,,,,,,,-36.0,-11.0,
2025-11-27,,,,,,,,,,,,,,,,,,,,,,,,,,,,-36.0,-13.0,
2025-11-28,,,,,,,,,,,,,,,,,,,,,,,,,,,,-32.0,-13.0,
2025-12-01,,,,,,,,,,,,,,,,,,,,,,,,,,,,-37.0,-15.0,
2025-12-02,,,,,,,,,,,,,,,,,,,,,,,,,,,,-37.0,-7.0,
2025-12-03,,,,,,,,,,,,,,,,,,,,,,,,,,,,-30.0,-15.0,
2025-12-04,,,,,,,,,,,,,,,,,,,,,,,,,,,,-7.0,-7.0,
2025-12-05,,,,,,,,,,,,,,,,,,,,,,,,,,,,9.0,-4.0,
2025-12-08,,,,,,,,,,,,,,,,,,,,,,,,,,,,-4.0,-9.0,
2025-12-09,,,,,,,,,,,,,,,,,,,,,,,,,,,,-30.0,-12.0,
2025-12-10,,,,,,,,,,,,,,,,,,,,,,,,,,,,-24.0,-14.0,
2025-12-11,,,,,,,,,,,,,,,,,,,,,,,,,,,,-24.0,-14.0,
2025-12-12,,,,,,,,,,,,,,,,,,,,,,,,,,,,-24.0,-14.0,
2025-12-15,,,,,,,,,,,,,,,,,,,,,,,,,,,,-16.0,-23.0,
2025-12-16,,,,,,,,,,,,,,,,,,,,,,,,,,,,-18.0,-27.0,
2025-12-17,,,,,,,,,,,,,,,,,,,,,,,,,,,,-16.0,-26.0,
2025-12-18,,,,,,,,,,,,,,,,,,,,,,,,,,,,-10.0,-27.0,
2025-12-19,,,,,,,,,,,,,,,,,,,,,,,,,,,,-7.0,-29.0,
2025-12-22,,,,,,,,,,,,,,,,,,,,,,,,,,,,-7.0,-30.0,
2025-12-23,,,,,,,,,,,,,,,,,,,,,,,,,,,,-15.0,-31.0,
2025-12-24,,,,,,,,,,,,,,,,,,,,,,,,,,,,-10.0,-29.0,
2025-12-25,,,,,,,,,,,,,,,,,,,,,,,,,,,,-5.0,-28.0,
2025-12-26,,,,,,,,,,,,,,,,,,,,,,,,,,,,-9.0,-22.0,
2025-12-29,,,,,,,,,,,,,,,,,,,,,,,,,,,,44.0,-20.0,
2025-12-30,,,,,,,,,,,,,,,,,,,,,,,,,,,,47.0,-22.0,
2025-12-31,,,,,,,,,,,,,,,,,,,,,,,,,,,,30.0,-22.0,
2026-01-05,,,,,,,,,,,,,,,,,,,,,,,,,,,,41.0,-25.0,
2026-01-06,,,,,,,,,,,,,,,,,,,,,,,,,,,,35.0,-27.0,
2026-01-07,,,,,,,,,,,,,,,,,,,,,,,,,,,,14.0,-21.0,
2026-01-08,,,,,,,,,,,,,,,,,,,,,,,,,,,,5.0,-16.0,
2026-01-09,,,,,,,,,,,,,,,,,,,,,,,,,,,,-1.0,-17.0,
2026-01-12,,,,,,,,,,,,,,,,,,,,,,,,,,,,22.0,-18.0,
2026-01-13,,,,,,,,,,,,,,,,,,,,,,,,,,,,,-14.0,
2026-01-14,,,,,,,,,,,,,,,,,,,,,,,,,,,,25.0,-20.0,
2026-01-15,,,,,,,,,,,,,,,,,,,,,,,,,,,,-1.0,-18.0,
2026-01-16,,,,,,,,,,,,,,,,,,,,,,,,,,,,,-18.0,
2026-01-19,,,,,,,,,,,,,,,,,,,,,,,,,,,,,-21.0,52.0
2026-01-20,,,,,,,,,,,,,,,,,,,,,,,,,,,,,-19.0,48.0
2026-01-21,,,,,,,,,,,,,,,,,,,,,,,,,,,,,-19.0,52.0
2026-01-22,,,,,,,,,,,,,,,,,,,,,,,,,,,,,-14.0,52.0
2026-01-23,,,,,,,,,,,,,,,,,,,,,,,,,,,,,-13.0,45.0
2026-01-26,,,,,,,,,,,,,,,,,,,,,,,,,,,,,-13.0,50.0
2026-01-27,,,,,,,,,,,,,,,,,,,,,,,,,,,,,-16.0,47.0
2026-01-28,,,,,,,,,,,,,,,,,,,,,,,,,,,,,-18.0,42.0
2026-01-29,,,,,,,,,,,,,,,,,,,,,,,,,,,,,-19.0,42.0
2026-01-30,,,,,,,,,,,,,,,,,,,,,,,,,,,,,-21.0,41.0
2026-02-02,,,,,,,,,,,,,,,,,,,,,,,,,,,,,-25.0,36.0
2026-02-03,,,,,,,,,,,,,,,,,,,,,,,,,,,,,-27.0,43.0
2026-02-04,,,,,,,,,,,,,,,,,,,,,,,,,,,,,-28.0,42.0
2026-02-05,,,,,,,,,,,,,,,,,,,,,,,,,,,,,-24.0,41.0
2026-02-06,,,,,,,,,,,,,,,,,,,,,,,,,,,,,-21.0,43.0
2026-02-09,,,,,,,,,,,,,,,,,,,,,,,,,,,,,-27.0,44.0
2026-02-10,,,,,,,,,,,,,,,,,,,,,,,,,,,,,-22.0,44.0
2026-02-11,,,,,,,,,,,,,,,,,,,,,,,,,,,,,-15.0,46.0
2026-02-12,,,,,,,,,,,,,,,,,,,,,,,,,,,,,-14.0,47.0
2026-02-13,,,,,,,,,,,,,,,,,,,,,,,,,,,,,-17.0,48.0
2026-02-24,,,,,,,,,,,,,,,,,,,,,,,,,,,,,-22.0,54.0
2026-02-25,,,,,,,,,,,,,,,,,,,,,,,,,,,,,-23.0,55.0
2026-02-26,,,,,,,,,,,,,,,,,,,,,,,,,,,,,-19.0,51.0
2026-02-27,,,,,,,,,,,,,,,,,,,,,,,,,,,,,-15.0,53.0
2026-03-02,,,,,,,,,,,,,,,,,,,,,,,,,,,,,-12.0,52.0
2026-03-03,,,,,,,,,,,,,,,,,,,,,,,,,,,,,-11.0,49.0
2026-03-04,,,,,,,,,,,,,,,,,,,,,,,,,,,,,-17.0,56.0
2026-03-05,,,,,,,,,,,,,,,,,,,,,,,,,,,,,-13.0,52.0
2026-03-06,,,,,,,,,,,,,,,,,,,,,,,,,,,,,-19.0,61.0
2026-03-09,,,,,,,,,,,,,,,,,,,,,,,,,,,,,-21.0,48.0
2026-03-10,,,,,,,,,,,,,,,,,,,,,,,,,,,,,-26.0,42.0
2026-03-11,,,,,,,,,,,,,,,,,,,,,,,,,,,,,-19.0,46.0
2026-03-12,,,,,,,,,,,,,,,,,,,,,,,,,,,,,-19.0,44.0
2026-03-13,,,,,,,,,,,,,,,,,,,,,,,,,,,,,-20.0,42.0
2026-03-16,,,,,,,,,,,,,,,,,,,,,,,,,,,,,-25.0,39.0
2026-03-17,,,,,,,,,,,,,,,,,,,,,,,,,,,,,-19.0,39.0
2026-03-18,,,,,,,,,,,,,,,,,,,,,,,,,,,,,-19.0,42.0
2026-03-19,,,,,,,,,,,,,,,,,,,,,,,,,,,,,-18.0,41.0
2026-03-20,,,,,,,,,,,,,,,,,,,,,,,,,,,,,-18.0,36.0
2026-03-23,,,,,,,,,,,,,,,,,,,,,,,,,,,,,-13.0,39.0
2026-03-24,,,,,,,,,,,,,,,,,,,,,,,,,,,,,-21.0,34.0
2026-03-25,,,,,,,,,,,,,,,,,,,,,,,,,,,,,-23.0,32.0
2026-03-26,,,,,,,,,,,,,,,,,,,,,,,,,,,,,-29.0,27.0
2026-03-27,,,,,,,,,,,,,,,,,,,,,,,,,,,,,-30.0,27.0
2026-03-30,,,,,,,,,,,,,,,,,,,,,,,,,,,,,-32.0,16.0
2026-03-31,,,,,,,,,,,,,,,,,,,,,,,,,,,,,-29.0,15.0
2026-04-01,,,,,,,,,,,,,,,,,,,,,,,,,,,,,-23.0,9.0
2026-04-02,,,,,,,,,,,,,,,,,,,,,,,,,,,,,-26.0,10.0
2026-04-03,,,,,,,,,,,,,,,,,,,,,,,,,,,,,-25.0,7.0
2026-04-07,,,,,,,,,,,,,,,,,,,,,,,,,,,,,-27.0,14.0
2026-04-08,,,,,,,,,,,,,,,,,,,,,,,,,,,,,-30.0,18.0
2026-04-09,,,,,,,,,,,,,,,,,,,,,,,,,,,,,-26.0,16.0
2026-04-10,,,,,,,,,,,,,,,,,,,,,,,,,,,,,-25.0,18.0
2026-04-13,,,,,,,,,,,,,,,,,,,,,,,,,,,,,-26.0,19.0
2026-04-14,,,,,,,,,,,,,,,,,,,,,,,,,,,,,-24.0,18.0
2026-04-15,,,,,,,,,,,,,,,,,,,,,,,,,,,,,-27.0,19.0
2026-04-16,,,,,,,,,,,,,,,,,,,,,,,,,,,,,-34.0,19.0
2026-04-17,,,,,,,,,,,,,,,,,,,,,,,,,,,,,-39.0,21.0
2026-04-20,,,,,,,,,,,,,,,,,,,,,,,,,,,,,-36.0,25.0
2026-04-21,,,,,,,,,,,,,,,,,,,,,,,,,,,,,-24.0,41.0
2026-04-22,,,,,,,,,,,,,,,,,,,,,,,,,,,,,-27.0,34.0
2026-04-23,,,,,,,,,,,,,,,,,,,,,,,,,,,,,-35.0,34.0
2026-04-24,,,,,,,,,,,,,,,,,,,,,,,,,,,,,-29.0,31.0
2026-04-27,,,,,,,,,,,,,,,,,,,,,,,,,,,,,-35.0,31.0
2026-04-28,,,,,,,,,,,,,,,,,,,,,,,,,,,,,-44.0,38.0
2026-04-29,,,,,,,,,,,,,,,,,,,,,,,,,,,,,-44.0,31.0
2026-04-30,,,,,,,,,,,,,,,,,,,,,,,,,,,,,-35.0,34.0
2026-05-06,,,,,,,,,,,,,,,,,,,,,,,,,,,,,-37.0,21.0
2026-05-07,,,,,,,,,,,,,,,,,,,,,,,,,,,,,-48.0,25.0
2026-05-08,,,,,,,,,,,,,,,,,,,,,,,,,,,,,-37.0,23.0
2026-05-11,,,,,,,,,,,,,,,,,,,,,,,,,,,,,-34.0,19.0
2026-05-12,,,,,,,,,,,,,,,,,,,,,,,,,,,,,-34.0,17.0
2026-05-13,,,,,,,,,,,,,,,,,,,,,,,,,,,,,-50.0,18.0
2026-05-14,,,,,,,,,,,,,,,,,,,,,,,,,,,,,,22.0
2026-05-15,,,,,,,,,,,,,,,,,,,,,,,,,,,,,-18.0,27.0
2026-05-18,,,,,,,,,,,,,,,,,,,,,,,,,,,,,,28.0
